native,roman,freq,pred
ஃபார்ம்,farm,2,barm
ஃபேஸ்,face,3,bes
அஇஅதிமுக,aeathimuka,1,athimadhukku
அகத்தி,agaththi,3,agaththi
அகத்திக்கீரை,agaththikkeerai,3,akaththikkeerai
அகமதாபாத்,ahmedabad,3,akamaathaapath
அகமதாபாத்தில்,agamadhabaatthil,1,akamaapathaaththil
அகழாய்வில்,agazhaaivil,1,akalaaviy
அகிம்சை,ahimsai,2,akimbai
அங்கீகரித்து,angkeekariththu,3,angeekariththu
அங்கீகரித்துள்ளது,angkeekariththullathu,3,angkeegarithullathu
அங்கீகாரங்கள்,angkeekaarangkal,3,angeekarangal
அங்கீகாரத்தைப்,angkeekaaraththaip,3,angeekaraathaip
அசையா,asaiyaa,3,asaiyaa
அசோகன்,ashokan,3,asoogan
அசோகா,ashoka,3,asookaa
அடக்கி,adakki,3,adakki
அடக்கிக்,adakkik,3,adakkik
அடங்கிய,adangiya,2,adangiya
அடங்கியது,adangiyadhu,2,adangkiyathu
அடங்கியுள்ள,adangkiyulla,2,adangiyulla
அடம்,pidiththu,3,adam
அடா,aada,1,adaa
அடி,manathil,3,adi
அடிகளும்,adigalum,2,adigalum
அடிகளையும்,adigalaiyum,1,adigalaiyum
அடிக்கடி,adikkadi,3,adikkadi
அடிக்கடிக்,adikkadik,3,adikkadik
அடிக்கு,adikku,3,adikku
அடித்,adith,3,adith
அடியிலிருந்து,adiyilirundhu,2,adiyilirundhu
அடியிலும்,adiyilum,3,adiyilum
அடியும்,adiyum,3,adiyum
அடியை,adiyai,3,adiyai
அடுத்தும்,adutthum,2,aduththum
அடைதல்,adaithal,3,adaithal
அட்டூழியங்களும்,attoozhiyangalum,2,attuloaniyalgalum
அண்டர்,under,3,andar
அண்ணன்,annan,3,annan
அதனதன்,adhanadhan,2,adhanathan
அதனுடன்,adhanudan,2,adhanudan
அதாவது,athaavathu,2,athavathu
அதிகப்படியாக,adhigappadiyaaga,3,athikappadiyaaga
அதிகமானது,adhikamaanathu,1,athikamaanathu
அதிதி,athithi,3,athithi
அதிரடி,athiradi,2,athiradi
அதிர்வு,athirvu,3,athirvu
அதிர்வுகளை,athirvukalai,2,athirukkalavai
அதிர்வுகள்,athirvukal,2,athirvukal
அதிலும்,adhilum,1,athilum
அதிலேயே,adhilaeyae,1,athilaeyae
அதீதமான,adheedhamaana,1,atheethamaana
அதேபோல்,adhaepoal,1,athaepoal
அத்தியாயங்களில்,aththiyaayangkalil,2,aththiyaayangalil
அத்தியாயங்களை,aththiyaayangkalai,2,aththiyaanakkalai
அத்தியாயங்கள்,aththiyaayangkal,2,aththiyaanagal
அத்தியாயத்தின்,aththiyaayaththin,3,aththiyaaththin
அத்தியாயத்தில்,aththiyaayaththil,3,athiyaaththaiyil
அத்தியாயம்,aththiyaayam,3,aththiyaam
அந்தக்,andhak,3,anthak
அந்தந்த,andhandha,2,anthantha
அந்தோனி,andhoni,1,anthoni
அனர்த்தம்,anarththam,2,anarththam
அனிதா,anitha,2,anidha
அனுபமா,anubama,3,anubaama
அனுபவிக்க,anupavikka,2,anupavikka
அனுப்பிய,anuppiya,3,anuppiya
அனுப்பியது,anuppiyathu,3,anuppiyathu
அனுராதபுரத்தில்,anuraadhapuraththil,1,anuraapathuraththil
அனுராதபுரம்,anuraathapuram,1,anuraatharapum
அன்னிய,anniya,3,anniya
அன்பை,anbai,3,anbai
அன்பைப்,anbaip,3,anbaip
அன்பையும்,anbaiyum,3,anbaiyum
அன்றி,andri,2,andri
அன்றிரவு,andriravu,2,andriravu
அபிநய,abinaya,3,abinaya
அபுதாபியில்,abudhabiyil,2,aputhaapiyil
அபுல்,abul,3,apul
அபூர்வமான,apoorvamaana,2,apuravamaana
அப்பகுதி,appaguthi,2,appaguthi
அப்பகுதிகளில்,appaguthigalil,2,appaguthigalil
அப்பகுதிக்கு,appaguthikku,2,appakuthikku
அப்பகுதியின்,appaguthiyin,2,appaguthiyin
அப்படத்தில்,appadaththil,2,appataththil
அப்படத்தை,appadaththai,2,appadaththai
அப்படியானால்,appadiyaanaal,3,appadiyaanaal
அப்பாடல்,appaadal,3,appaadal
அப்பெண்கள்,appenkal,3,appengal
அப்பொழுது,appozhudhu,2,appozhuthu
அமெரிக்கர்,amerikkar,3,amerikkar
அமெரிக்கர்களுக்கு,amerikkargalukku,2,amerikkarkalukku
அமெரிக்கர்கள்,amerikkargal,3,amerikkarkal
அமெரிக்கா,america,4,amerikkaa
அமெரிக்காவிற்கு,americaavirku,1,amerikkaavirku
அமெரிக்காவில்,americavil,2,amerikkaavil
அமெரிக்காவுக்கு,americavukku,2,amerikkavukku
அமெரிக்காவை,americavai,2,amerikaavai
அமைச்சுப்,amaichchup,3,amaichchup
அமைத்து,amaiththu,2,amaiththu
அமைத்துத்,amaiththuth,2,amaiththuth
அம்சங்களில்,amachankalil,1,amangalil
அம்சங்களும்,amsangalum,2,amangalum
அம்சங்களைக்,amsangalaik,2,amangalaikkal
அம்சத்தை,amsaththai,3,amaththai
அம்சமான,amsamaana,2,amasaama
அம்பலவாணர்,ambalavaanar,3,ambalavaanar
அயன,ayana,3,ayana
அயிரை,ayirai,3,aiyarai
அய்ரோப்பிய,airoappiya,1,airooppiya
அரக்க,arakka,2,arakka
அரக்கன்,arakkan,2,arakkan
அரக்கு,arakku,3,arakku
அருப்புக்கோட்டை,aruppukkoattai,2,aruppukkottai
அரும்பு,arumbu,3,arumbu
அர்ப்பணித்த,arppaniththa,3,arppaniththa
அறியப்பட்ட,ariyappatta,3,ariyappatta
அறியப்பட்டது,ariyappattathu,2,ariyappattathu
அறியப்பட்டு,ariyappattu,3,ariyappattu
அறியார்,ariyaar,3,ariyaar
அறியும்,ariyum,3,ariyum
அறிவது,arivathu,3,arivathu
அறிவன்,arivan,2,arivan
அறிவர்,arivar,3,arivar
அறிவின்,arivin,3,arivin
அறிவிப்புகளை,arivippugalai,2,arivippukalai
அறிவில்,arivil,3,arivil
அறிவுள்ள,arivulla,3,arivulla
அறுபதாம்,arupathaam,3,arupathaam
அறுபதுகளில்,arupathukalil,2,arupadhugalil
அறுபத்து,arupaththu,2,arupathu
அறைகூவல்,araikooval,2,araikooval
அலகால்,alagaal,2,alagaal
அலகில்,alagil,2,alagil
அலியும்,aliyum,3,aliyum
அளவால்,alavaal,3,alavaal
அளவுகடந்த,alavukadantha,2,alavuganatta
அளவுகளும்,alavugalum,2,alavugalum
அளவுகளை,alavugalai,2,alavugalai
அளவுகள்,alavugal,2,alavugal
அளவுக்குச்,alavukkuch,3,alavukkuch
அளவுக்குப்,alavukkup,3,alavukkup
அளவுக்கும்,alavukkum,3,alavukkum
அளவுள்ள,alavulla,3,alavulla
அழகி,alagi,1,azhagi
அழகினை,alaginai,1,alaginai
அழகின்,alagin,1,azhagin
அழகியான,alakiyaana,1,azhagiyaana
அழகில்,azhakil,2,azhagil
அழித்தது,azhiththathu,2,azhiththathu
அழித்தன,azhiththana,3,azhiththana
அழித்தனர்,azhiththanar,3,azhiththanar
அழித்தவன்,azhiththavan,3,azhiththavan
அழித்தான்,azhiththaan,2,azhiththaan
அழித்தார்,azhiththaar,2,azhiththaar
அழுத்தி,azhuththi,2,azhuththi
அழைப்பு,alaippu,2,azhaippu
அவதாரங்களில்,avathaaranggalil,2,avathaarangalil
அவதாரங்கள்,avathaaranggal,2,avathaarangal
அவதாரத்தில்,avathaaraththil,3,avadhaaraththil
அவதார்,avathaar,3,avathaar
அவனுடைய,avanudaiya,3,avanudaiya
அவரிடம்,avaridam,3,avaridam
அவற்றுடன்,avatrtrudan,1,avatrudan
அவளுக்கு,avalukku,3,avalukku
அவளுடன்,avaludan,3,avaludan
அவளைக்,avalaik,2,avalaik
அவளைத்,avalaith,3,avalaith
அவளைப்,avalaip,3,avalaip
அவ்வகை,avvakai,2,avagai
ஆகஸ்ட்,august,4,aagast
ஆகிவிட,aagivida,2,aagivida
ஆகிவிடும்,aakividum,3,aagividum
ஆக்ஸ்போர்ட்,oxford,3,aachsorpt
ஆசிரமத்திற்கு,aasiramaththirku,2,aasiramaththirku
ஆசிரமத்தில்,aasiramaththil,3,aasiramaththil
ஆசிரமம்,aasiramam,3,aasiramam
ஆசிரியராகப்,aasiriyaraakap,2,aasiriyaraagap
ஆசிரியராகவும்,aasiriyaraakavum,2,aasiriyaraagavum
ஆஞ்சநேயர்,aanchchanaeyar,1,aanjaneeyar
ஆடிப்பூர,aadippoora,3,aadippoora
ஆடிப்பூரம்,aadippooram,3,aadipooram
ஆடுகளில்,aadukalil,2,aadugalil
ஆடுபவர்,aadubavar,2,aadupavar
ஆடும்,aadum,3,aadum
ஆடுவர்,aaduvar,3,aaduvar
ஆட்டி,aatti,3,aatti
ஆட்டின்,aattin,3,aattin
ஆண்களிடம்,aangalidam,2,aangalidam
ஆண்களின்,aangalin,3,aangalin
ஆண்களிலும்,aangalilum,3,aangalilum
ஆண்களுக்கான,aangalukkaana,3,aangkalukkaana
ஆண்களும்,aangalum,3,aangalum
ஆண்களே,aangalae,3,aangalae
ஆண்களைக்,aangalaik,2,aangalaik
ஆண்கள்,aankal,2,aangal
ஆண்ட,aanda,3,aanda
ஆண்டது,aandathu,3,aandathu
ஆண்டனர்,aandanar,3,aandanar
ஆண்டர்சன்,anderson,3,aandarsan
ஆண்டவர்,aandavar,3,aandavar
ஆண்டிலிருந்து,aandilirunthu,3,aandilirunthu
ஆண்டே,aandae,3,aandae
ஆதரவாக,aatharavaaga,3,aatharavaaka
ஆதரவாகச்,aatharavaagach,2,aatharavaakach
ஆதரிக்கவில்லை,aatharikkavillai,3,aatharikkavillai
ஆத்மா,aathmaa,3,aathmaa
ஆத்மாவின்,aathmaavin,3,aathmaavin
ஆத்மாவில்,aathmaavil,3,aathaamaivil
ஆந்தை,aanththai,3,aanthai
ஆனைமலை,aanaimalai,3,aanaimalai
ஆன்,aan,4,aan
ஆன்மா,aanmaa,3,aanmaa
ஆன்மாவுக்கு,aanmaavukku,3,aanmaavukku
ஆபிரிக்கா,aapirikkaa,2,apricha
ஆப்பிரிக்காவிலும்,africaavilum,2,appirikkaavilum
ஆப்பிரிக்காவுக்கு,aappirikkaavukku,2,appirivakkukkaaku
ஆப்பிரிக்காவை,aappirikkaavai,2,appirkiavaakai
ஆயின,aayina,2,aayina
ஆயினர்,aayinar,2,aayinar
ஆயிர,aayira,2,aayira
ஆயிரக்கணக்கில்,aayirakkanakkil,2,aayirakkankalik
ஆயிரத்திற்கும்,aayiraththirkum,2,aayiraththirkum
ஆயிரத்து,aayiraththu,2,aayiraththu
ஆயிரத்தை,aayiraththai,2,aayiraththai
ஆயிரம்,aayiram,2,aayiram
ஆயில்,ayil,1,aayil
ஆயுளை,aayulai,3,aayulai
ஆய்த,aaytha,2,aaytha
ஆய்வுகளின்,aaivukalin,1,aayvugalin
ஆய்வுகளுக்கு,aayvugalukku,2,aayvugalukku
ஆய்வுகளையும்,aayvugalaiyum,2,aayukkalaiyuvam
ஆய்வுகள்,aayvugal,2,aayvugal
ஆய்வுக்,aayvuk,2,aayvuk
ஆய்வுக்கட்டுரை,aayvukkatturai,2,aayvukkatturai
ஆய்வுக்கட்டுரைகள்,aayvukkatturaigal,2,aayvukkattukarai
ஆய்வுக்காக,aaivukkaaaka,1,aayvukkaaka
ஆய்வுக்கான,aayvukkaana,2,aayvukkaana
ஆய்வுக்கு,aayvukku,2,aayvukku
ஆய்வும்,aayvum,2,aaivum
ஆரியர்,aariyar,3,aariyar
ஆரியர்களின்,aariyargalin,2,aariyargalin
ஆர்ப்பாட்டங்களை,aarppaattangalai,1,aarpaattangalai
ஆர்ப்பாட்டங்கள்,aarppaattangal,2,aarpaattangal
ஆர்ப்பாட்டம்,aarppaattam,3,aarppaattam
ஆர்வத்தில்,aarvaththil,3,arvaththil
ஆர்வத்தை,aarvaththai,3,aarvaththai
ஆர்வத்தைக்,aarvaththaik,3,aarvaththaik
ஆர்வமும்,aarvamum,3,aarvamum
ஆறே,aarae,3,aarae
ஆற்காடு,aarkaadu,2,aarkaadu
ஆற்றலால்,aatrtralaal,2,aatrtraalal
ஆற்றலில்,aatrtralil,2,aatrtralil
ஆற்றலுள்ள,aatrtralulla,2,aattralulla
ஆற்று,aattru,2,aatru
ஆற்றுக்கு,aattrukku,2,aatrukku
ஆலயங்களின்,aalayangalin,1,aalayangalin
ஆலயங்களை,aalayangalai,1,aalayangalai
ஆலயத்,aalayath,3,aalayath
ஆலயத்திற்கு,aalayaththirku,2,aalayaththirku
ஆலயத்துக்கு,aalayaththukku,3,aalayaththukku
ஆலயமும்,aalayamum,3,aalayamum
ஆலையம்,aalaiyam,2,aalaiyam
ஆலோசனைகளையும்,aaloasanaigalaiyum,2,aalasanaikalaiyum
ஆலோசனைகள்,aaloasanaigal,2,aaloasanaikal
இக்கருவி,ikkaruvi,3,ikkaruvi
இக்கருவியை,ikkaruviyai,3,ikkaruviyai
இக்கூட்டத்தில்,ikkoottaththil,3,ikkottaththil
இங்கேதான்,ingkaethaan,2,ingkathaan
இசைக்கருவி,isaikkaruvi,3,isaikkaruvi
இசைக்கருவிகளை,isaikkaruvigalai,3,isaikkaruvaikali
இசைக்கருவியை,isaikkaruviyai,3,isaikkaruviyai
இஞ்சி,inchchi,1,inji
இடஒதுக்கீடு,idaodhikkeedu,1,idathukoendu
இடத்தில,idaththila,3,idaththil
இடத்திலும்,idaththilum,3,idaththilum
இடித்து,idiththu,6,idiththu
இடிப்பு,idippu,3,idippu
இடுகைகளில்,idugaigalil,3,idukaigalil
இடையூறாக,idaiyooraaga,2,idaiyooraaga
இடையேயான,idaiyaeyaana,3,idaiyaanaa
இணையானது,inaiyaanathu,2,inaiyaanathu
இணையானவை,inaiyaanavai,3,inaiyaanavai
இதனால்,ithanaal,2,idhanaal
இதனால்தான்,ithanaalthaan,2,idhanalthaan
இதர,ithara,2,ithara
இதழாக,idhazhaaga,2,idhazhaaga
இதோ,ithoa,2,thoo
இத்திரைப்படத்தின்,iththiraippadaththin,3,iththirapataththin
இத்திரைப்படத்தை,iththiraippadaththai,3,iththirapataththai
இத்தீவில்,iththeevil,3,iththivel
இத்தீவு,iththeevu,3,iththivae
இந்தியானா,indana,1,indinaa
இந்தியாவிற்குள்,inththiyaavirkul,2,inththiyaavirkul
இந்தியாவில்,inththiyaavil,2,inthiyaavil
இந்தியாவை,inththiyaavai,2,inthiyaavai
இந்துக்,indhuk,3,inthuk
இந்துக்களுக்கு,indhukkalukku,3,inththukkalukku
இந்நிகழ்வுக்கு,innigazhvukku,2,inththinavkukku
இந்நிகழ்வை,innigazhvai,2,innigazhvai
இந்நிறுவனங்கள்,inniruvanangal,1,inthirunavangal
இந்நிறுவனம்,inniruvanam,2,inthinruvanam
இந்நோயை,inthnoayai,2,innooyai
இனத்தவர்,inaththavar,3,inaththavar
இனம்,inam,6,inam
இனவாதம்,inavaatham,3,inavatham
இனவிருத்தி,inaviruththi,3,inaviruththi
இனைய,inaiya,3,inaiya
இன்கா,inkaa,2,ingaa
இன்னல்,innal,2,innal
இன்னல்கள்,innalgal,2,innalkal
இன்னிசை,innisai,3,innichai
இன்னிசைக்,innisaik,3,innichaik
இன்னும்,innum,3,innum
இன்றளவிலும்,indralavilum,1,intralavilum
இன்றளவும்,indralavum,1,intralavum
இன்றி,indri,1,intri
இன்றித்,indrith,1,indrith
இன்றியும்,indriyum,1,intriyum
இப்படை,ippadai,3,ippadai
இப்பறவை,ipparavai,3,ipparavai
இப்பறவைகள்,ipparavaigal,2,ipparavaigal
இப்பள்ளி,ippalli,3,ippalli
இப்பள்ளியில்,ippalliyil,3,ippalliyil
இப்பாதை,ippaathai,2,ippaathai
இப்பாதையில்,ippaathaiyil,2,ippaathaiyil
இப்பொருட்கள்,ipporutkal,3,ippoorttukal
இப்போதைய,ippoathaiya,3,ippoathaiya
இப்ராகிம்,ibraakim,2,ipraakim
இமயமலையின்,imayamalaiyin,3,imaiyalamaiyin
இமாச்சல,imaachchala,3,imachchala
இமாச்சலப்,imaachchalap,3,imachchalap
இம்மக்கள்,immakkal,3,immakkal
இயக்கத்தைச்,iyakkaththaich,3,iyakkaththaich
இயக்கு,iyakku,3,iyakku
இயல்பையும்,iyalbaiyum,2,iyalpaiyum
இரட்டிப்பாக,irattippaaga,2,erattippaaga
இருக்க,irukka,3,irukka
இருக்கக்,koodum,3,irukkak
இருக்கப்,irukkap,3,irukkap
இருக்கவில்லை,irukkavillai,3,irukkavillai
இருக்கவோ,irukkavoa,3,irukkova
இருக்கும்போது,irukkumpoathu,3,irukkumpoathu
இருசக்கர,iruchakkara,2,iruchakara
இருப்பை,iruppai,3,iruppai
இருப்பையும்,iruppaiyum,3,iruppaiyum
இருமல்,irumal,3,irumal
இருமுறை,irumurai,3,irumurai
இரும்புத்,irumbuth,2,irumbuth
இரும்புப்,irumpup,3,irumpup
இறுகி,iruki,2,iruki
இறுகிக்,irugik,2,irukik
இலக்க,ilakka,3,ilakka
இலக்கம்,ilakkam,3,ilakkam
இலக்கின்,ilakkin,3,ilakkin
இலக்கில்,ilakkil,3,ilakkil
இலட்ச,ilatcha,3,ilatcha
இலட்சத்திற்கும்,ilatchaththirkum,1,ilatchaththirkum
இலட்சுமி,ilatchumi,2,ilatchumi
இல்லையென,illaiyena,3,illaiyana
இல்லையெனில்,illaiyenil,3,illaiyinal
இளம்வயதிலேயே,ilamvayathilaeyae,1,ilavathiyaleyae
இழந்து,ilanthu,1,izhanthu
இவற்றுக்கும்,evatrtrukkum,1,ivatrtrukkum
இவா,evaa,2,iva
இவை,evai,2,ivai
இவைகளால்,evaikalaal,2,ivaikalaal
இவைகளில்,evaikalil,2,ivaigalil
இவைகளுக்கு,evaikalukku,2,ivaikalukku
இவைகளே,evaikalae,2,ivaigalae
இவைகளை,evaikalai,2,ivaigalai
இவைகளைத்,evaikalaith,2,ivaikalaith
இவைதான்,evaithaan,2,ivaithaan
இவையெல்லாம்,evaiyellaam,1,ivaiylellaam
இவையே,evaiyae,1,ivaiyae
ஈசனின்,eesanin,3,eesanin
ஈசன்,eesan,3,eesan
ஈசல்,eesal,3,eezhal
ஈய,eeya,2,eya
ஈர்ப்பு,eerppu,5,eerppu
ஈர்ப்புப்,eerppup,3,eerppup
ஈர்ப்புவிசை,eerppuvisai,3,eerppuvisai
ஈறு,eeru,3,eeru
ஈறுகளை,eerukalai,2,eerukalai
ஈவு,eevu,3,eevu
உகந்த,ugandha,1,ugantha
உகந்தவை,ugandhavai,1,uganthavai
உடலிலும்,udalilum,3,udalilum
உடலில்,udalil,3,udalil
உடலை,udalai,6,udalai
உடலைக்,udalaik,3,udalaik
உடல்நலம்,udalnalam,3,udalnanam
உடைந்தது,udaindhadhu,2,udainthathu
உட்கொள்ளுதல்,utkolluthal,3,utlolkulla
உட்கொள்ளும்,utkollum,3,utkollum
உட்கொள்வது,utkolvathu,3,utkolvathu
உட்புறமாக,udpuramaaka,1,utpuramaaga
உட்புறம்,utpuram,2,utpuram
உணர்வாக,unarvaaga,3,unarvaaga
உணவு,vagaigalai,3,unavu
உணவுகளில்,unavugalil,2,unavugalil
உணவுகளும்,unavugalum,2,unavugalum
உணவுகளைச்,unavugalaich,2,unavugalaich
உணவுகளையும்,unavukalaiyum,2,unuvagalaiyum
உணவுக்கான,unavukkaana,2,unavukkaana
உணவுச்,unavuch,3,unavuch
உணவுடன்,unavudan,3,unavudan
உண்ட,unda,2,unda
உண்டானது,undaanathu,2,undaanadhu
உந்தும்,unththum,2,undhum
உப்சாலா,uppsala,1,uppaalaa
உப்பு,uppu,3,uppu
உப்புகளும்,uppugalum,2,uppugalum
உப்பும்,uppum,3,uppum
உமது,umathu,3,umathu
உமை,umai,3,mai
உம்மா,ummaa,3,ummaa
உயிரினமாக,uyirinamaaga,2,uyirinamaaga
உயிரினம்,uyirinam,3,uyirinam
உயிர்மை,uyirmai,3,uyirmai
உயிர்வாழ,uyirvaala,2,uyirvaaga
உயிர்வாழும்,uyirvaalum,2,uyirvaazhum
உயிலில்,uyilil,3,uyilil
உயில்,uyil,3,uyil
உரித்தான,uriththaana,3,uriththaana
உருக,uruka,2,uruka
உருக்கிய,urukkiya,3,urukkiya
உருவப்படத்தை,uruvappadaththai,3,uruvappattathai
உருவப்படம்,uruvappadam,3,uruvappadam
உருவாகக்,uruvaagak,3,uruvaakak
உருவாகவில்லை,uruvaagavillai,3,uruvaakkavillai
உருவாகவும்,uruvaagavum,3,uruvaagavum
உருவாகியுள்ள,uruvaagiyulla,3,uruvaakiyulla
உருவாக்கத்தின்,uruvaakkaththin,3,uruvaakkaththin
உருவாக்கத்திற்கு,uruvaakkaththirku,2,uruvaakkaththirku
உருவாக்கத்திலும்,uruvaakkaththilum,2,uruvaakkaththilum
உருவாக்கப்படும்,uruvaakkappadum,3,uruvaakkappadum
உருவாக்கமும்,uruvaakkamum,3,uruvaakkamum
உருவாக்கல்,uruvaakkal,3,uruvaakkal
உருவாக்காமல்,uruvaakkaamal,3,uruvaakkaamal
உருவாக்குவதற்கு,uruvaakkuvatharku,3,uruvaakkuvatharku
உருவாக்குவது,uruvaakkuvathu,3,uruvaakkuvathu
உரையாடல்களில்,uraiyaadalkalil,2,uraiyaatalkalil
உரையாடல்களை,uraiyaadalkalai,2,uraiyaatalkalai
உறங்காமல்,urangkaamal,2,urangaalam
உறங்கிக்,kontirunta,4,urangkik
உறவாக,uravaaga,2,uravaaga
உறுதியான,uruthiyaana,2,uruthiyaana
உறுதியானதும்,uruthiyaanathum,2,uruthiyaanathum
உறுப்பு,uruppu,3,uruppu
உறுப்புகளின்,uruppugalin,3,uruppugalin
உறுப்புகளுக்கு,uruppugalukku,3,uruppugalukku
உறுப்புகளுக்கும்,uruppugalukkum,3,uruppagukulum
உறுப்புகளையும்,uruppugalaiyum,3,uruppugalaiyum
உறுப்புகள்,uruppugal,3,uruppukal
உறுப்புக்கு,uruppukku,3,uruppukku
உறுப்புக்கும்,uruppukkum,3,uruppukkum
உறுப்பும்,uruppum,3,uruppum
உலகினை,ulaginai,2,ulaginai
உலகைப்,ulagaip,3,ulagaip
உலங்கு,vanurti,3,ulangku
உலா,varukinrana,4,ulaa
உலூம்,uloom,3,uloam
உள்ளடக்க,ulladakka,3,ulladakka
உள்ளடக்கமும்,ulladakkamum,3,ulladakkamum
உள்ளடக்கும்,ulladakkum,3,ulladakkum
உள்ளிருந்து,ullirunthu,2,ullirundhu
உள்வாங்கிய,ulvaanggiya,1,ulvaangkiya
உழைப்பு,ulaippukku,1,ulaippu
ஊடக,oodaka,2,uudaka
ஊடகத்தில்,oodagaththil,1,uoadakaththil
ஊடகத்தை,oodagaththai,1,uudakaththai
ஊடகப்,oodagap,1,uodakap
ஊடகம்,oodagam,1,uudagam
ஊதா,oothaa,2,oothaa
ஊரக,ooraga,1,ooraga
ஊரே,oorae,2,uurae
ஊர்வலமாக,uurvalamaaka,2,uuravalamaaka
எக்ஸ்போ,expo,3,eccoop
எங்கோ,enggo,1,engoo
எசுப்பானிய,esuppaaniya,2,esuppaaniya
எஞ்சி,enchi,2,enji
எஞ்சின்,engine,3,enjin
எடுக்கப்படாமல்,edukkappadaamal,2,edukkappataalam
எட்டப்படும்,ettappadum,2,ettappadum
எட்டாவது,ettaavathu,3,ettaavathu
எட்டியது,ettiyathu,2,ettiyathu
எண்ணிக்கை,ennikkai,2,ennikkai
எண்ணிக்கையான,ennikkaiyaana,3,ennikkaiyaana
எண்ணிக்கையிலும்,ennikkaiyilum,3,ennikkaiyilum
எண்ணிக்கையில்,ennikkaiyil,3,ennikkaiyil
எதற்காக,etharkaaga,3,etharkaaka
எதிராளி,ethiraali,3,ethiraali
எதிராளியின்,ethiraaliyin,3,ethiraaliyin
எதிர்க்க,edhirkka,2,edhirkka
எதிர்க்கவில்லை,yedhirkkavillai,2,edhirkkavillai
எதிர்க்கவும்,yedhirkkavum,2,ethirkkavum
எதிர்க்காமல்,edhirkaamal,1,edhirkkaamal
எதிர்பார்ப்பு,ethirpaarppu,2,ethirpaarppu
எதிர்பார்ப்புகள்,edhirpaarppugal,1,ethirpaarppulkal
எதுவாக,edhuvaaga,1,ethuvaaga
எனிட்,einid,1,yendi
எனின்,enin,3,enin
எமிலி,emili,3,emili
எய்த,eytha,2,yeththa
எய்தி,yeithi,2,eithi
எய்தும்,yeithum,2,yethum
எரிந்து,erinththu,2,erinththu
எறிந்து,erinththu,2,erinththu
எலக்ட்ரான்கள்,electronkal,2,elaktraangal
எளிமையாக,elimaiyaaka,1,elimaiyaaga
எளிமையாகக்,elimaiyaakak,1,elimaiyaakak
எள்,el,1,el
எழுதியுள்ள,ezhuthiyulla,2,ezhuthiyulla
எழுதியுள்ளது,ezhuthiyullathu,2,ezhuthiyullathu
எழுதியுள்ளனர்,ezhuthiyullanar,2,ezhuthiyullanar
எவருக்கும்,evarukkum,2,evarukkum
எவருமே,evarumae,2,evarumae
எவர்,evar,2,evar
எவ்வித,evvitha,2,evvitha
எவ்விதக்,evvithak,2,evvithak
எவ்விதத்திலும்,evvithaththilum,2,evvithaththilum
எவ்விதமான,evvithamaana,2,vevithamaana
எவ்விதம்,eavvitham,1,evvitham
ஏகபோக,aegapoaka,1,aekoapaka
ஏகபோகம்,aekapoagam,1,aakapoakam
ஏஞ்சல்,angel,2,eenjal
ஏனை,aanai,1,eenai
ஏப்ரல்,april,1,eepral
ஏறிய,eeriya,2,eeriya
ஏற்கனவே,aerkanavae,1,eerkanavae
ஏற்படக்,aerpadak,1,eerpadak
ஏற்படக்கூடிய,yerpadakkoodiya,2,eerpadakkoodiya
ஏற்படவில்லை,yerpadavillai,2,yarpadavillai
ஏற்படவும்,yerpadavum,2,yaerpadavum
ஏற்படவே,aerpadavae,1,eerpadavae
ஏற்படாத,aerpadaatha,1,aerpadaatha
ஏற்படாமல்,aerpadaamal,1,eerpataalam
ஏற்படுதல்,aerpaduthal,1,eerpaduthal
ஏற்படும்,aerpadum,1,eerpadum
ஏற்படுவதற்கு,aerpaduvatharku,1,aerpaduvatharku
ஏற்படுவதுடன்,aerpaduvathudan,1,aerpaduvathudan
ஏற்று,aetrtru,1,eetrtru
ஏற்றுக்கொண்டது,eattrukkondathu,2,eettrukkondathu
ஏற்றுக்கொண்டனர்,eattrukkondanar,2,eettrukkondanar
ஏற்றுக்கொண்டு,eattrukkondu,2,eetrtrukkondu
ஏற்றுப்,aetrtrup,1,aetrtrup
ஏலகிரி,aelakiri,1,aelakiri
ஐநா,ainaa,1,ina
ஒடிசி,odyssey,2,odichi
ஒட்டக,ottaga,2,ottaka
ஒட்டகங்கள்,ottagangal,1,ottakangal
ஒட்டகச்,civinki,3,ottachak
ஒட்டகம்,ottagam,3,ottagam
ஒத்ததே,oththathae,2,oththaetha
ஒத்துழைக்க,oththuzhaikka,2,oththulaikka
ஒத்துழையாமை,oththuzhaiyaamai,2,oththulaiyaamai
ஒன்றே,ondrae,2,ondrae
ஒப்பந்த,oppandha,2,oppantha
ஒப்பந்தக்,oppandhak,2,oppanthak
ஒப்பந்தத்திற்கு,oppanthaththirku,2,oppanthaththirku
ஒப்பந்தத்தில்,oppanthaththil,2,oppanthaththil
ஒப்பந்தப்,oppanthap,3,oppanthap
ஒப்பந்தம்,oppandham,3,oppantham
ஒமர்,omar,2,omar
ஒருமை,orumai,3,orumai
ஒற்றை,ottrai,2,otrai
ஓதி,oadhi,1,oodhi
ஓம்,cakti,3,oom
ஓரங்கள்,orangal,2,orangal
ஓராண்டில்,ooraandil,2,ooraandil
ஓவர்,over,4,oovar
ஓவர்கள்,overkal,2,oovargal
கசப்பு,kasappu,3,kachappu
கடந்தது,kadanthathu,3,kadanthathu
கடம்பூர்,kadambur,2,kadampur
கடற்கரை,kadarkarai,3,kadarkarai
கடற்கரைக்,kadarkaraik,2,kadarkaraik
கடற்கரைக்கு,kadarkaraikku,3,kadarkaraikku
கடற்கரையின்,kadarkaraiyin,3,kadarkaraiyin
கடற்கரையிலிருந்து,kadarkaraiyilirundhu,2,kadarkariyalirundhu
கடற்கரையில்,kadarkaraiyil,3,kadarkaraiyil
கடற்கரையை,kadarkaraiyai,3,kadarkaraiyai
கடலுள்,kadalul,3,kadalul
கடவுளே,kadavule,2,kadavulae
கடவுள்களின்,kadavulgalin,2,kadavulgalin
கடிதங்களும்,kadidhangalum,1,kadidhangalum
கடிதங்களை,kadidhangalai,1,kadithangalai
கடிதத்தில்,kadidhathil,1,kadithaththil
கடிதத்தை,kadidhaththai,2,kadithathai
கடிதமும்,kadidhamum,3,kadithamum
கடுமையானது,kadumaiyaanadhu,3,kadumaiyaanathu
கடைசி,kadaisi,5,kadaichi
கடைசியாக,kadaisiyaaga,1,kadaichiyaaga
கட்ச்,kutch,3,katch
கட்டமைக்க,kattamaikka,3,kattamaikka
கட்டமைக்கப்படும்,kattamaikkappadum,3,kattamaikkappadum
கட்டமைக்கப்பட்ட,kattamaikkappatta,3,kattamaikkappatta
கட்டாயமாகும்,kattaayamaagum,3,kattaayamaakum
கட்டுமான,kattumaana,3,kattumaana
கட்டுமானங்கள்,kattumaanangal,2,kattumaanangal
கட்டுமானப்,kattumaanap,3,kattumaanap
கட்டுமானம்,kattumaanam,3,kattumaanam
கண,kana,3,kana
கணக்,kanak,3,kanak
கணங்கள்,kanangal,2,kanangal
கணத்தில்,kanaththil,3,kanaththil
கணத்தை,kanaththai,3,kanaththai
கணமும்,kanamum,3,kanamum
கணவனது,kanavanadhu,2,kanavanathu
கணிதம்,kanidham,2,kanitham
கணு,kanu,3,kanu
கண்டறிந்த,kandarintha,2,kandarintha
கண்டறிந்தது,kandarinthathu,2,kandarinthathu
கண்டறிந்தனர்,kandarinthanar,2,kandarinthanar
கண்டெடுக்கப்பட்டது,kandedukkappattathu,3,kandedukkappattathu
கண்ணோட்டத்தில்,kannottaththil,2,kannoattaththil
கதிர்வீச்சின்,kadhirveechchin,1,kathirveeschin
கனரா,canara,3,kanara
கன்னியர்,kanniyar,2,kanniyar
கபில,kabila,3,kapila
கபிலன்,vairamuttu,3,kapilan
கமிட்டியின்,committeeyin,1,kamittiyin
கமிட்டியில்,committeeyil,1,kamittiyil
கம்ப,kamba,3,kamba
கம்பங்கள்,kambangal,2,kambangal
கம்பத்தின்,kambaththin,2,kambaththin
கம்பன்,kamban,3,kamban
கம்பராமாயணத்தில்,kambaramayanaththil,2,kambaraamaayaththil
கம்பரின்,kambarin,3,kambarin
கம்பளத்து,kambalaththu,2,kambalaththu
கம்பெனிகள்,kampenikal,2,kambeengal
கம்பெனியின்,companyin,2,kampeniyin
கயிற்றினால்,kayittrinaal,2,kaitrinaal
கயிற்றின்,kayittrin,2,kayitrin
கயிற்றில்,kayittril,2,kayitril
கரன்,karan,3,karan
கரவெட்டி,karavetti,3,karavetti
கராச்சி,karachi,4,karachchi
கரியமில,kariyamila,3,kariyamila
கருணாகர,karunakara,2,karunagara
கருணாகரன்,karunakaran,2,karunagaran
கருத்த,karuththa,3,karuththa
கருத்தாக்கம்,karuththaakkam,3,karuththaakkam
கருத்துக்,karuththuk,2,karuththuk
கருத்துக்களின்,karuththukkalin,2,karuththukkalin
கருத்துக்கள்,karuththukkal,2,karuththukkal
கரும்பலகையில்,karumpalakaiyil,2,karumbalaakaiyil
கரும்புள்ளிகள்,karumpulligal,2,karumbulkilal
கர்ணனின்,karnanin,2,karnnin
கர்ணா,karna,2,karna
கர்மங்கள்,karmangal,1,karmangal
கர்மம்,karmam,4,karmam
கற்பதில்,karpathil,3,karpathil
கற்பிக்க,karpikka,3,karpikka
கற்பிக்கப்பட்டு,karpikkappattu,3,karpikkappattu
கலந்து,vitum,3,kalandhu
கலந்துகொள்கிறார்கள்,kalandhukolkiraargal,1,kalanthukkolarkalik
கலாய்,kalaai,2,kalai
கலிங்கப்,kalingap,3,kalingkap
கலீலியோ,galileo,3,kaliliyoa
கல்யாண,kalyaana,2,kalyaana
கல்யாணப்,kalyaanap,2,kalyaanap
கல்யாணம்,kalyaanam,2,kalyanam
கல்லால,kallaala,2,kallaala
கல்லும்,kallum,3,kallum
கல்லூரி,kalloori,1,calluuri
கல்லூரிகளிலும்,kalloorigalilum,2,kalloarikalilum
கல்லூரிகளும்,kalloorigalum,2,kallorigalum
கல்லூரியாக,kallooriyaaga,1,kallooriyaaga
கல்லூரியிலும்,kallooriyilum,2,kallooriyilum
கல்வி,muraiyil,6,kalvi
கல்விக்காக,kalvikkaga,2,kalvikkaaka
கல்விக்கான,kalvikkaana,2,kalvikkaana
கல்விப்பணி,kalvippani,3,kalvippani
கல்வியாண்டு,kalviyaandu,3,kalviyaadun
கல்வியிலும்,kalviyilum,3,kalviyilum
கல்வியும்,kalviyum,3,kalviyum
கல்வியே,kalviye,3,kalviyae
கல்வியோடு,kalviyodu,3,kalviyodu
கழலை,kazhalai,3,kazhalai
கழுதை,kaluthai,2,kazhudhai
கவலை,kavalai,2,kavalai
கவலைப்படும்,kavalaippadum,3,kavalaippadum
கவலையே,kavalaiye,2,kavalaiyae
கவலையை,kavalaiyai,3,kavalaiyai
காஃபி,coffee,2,kaapi
காட்டுப்,kaattup,3,kaattup
காட்டுயிர்,kaattuyir,3,kaattuyir
காட்டுவதாக,kaattuvadhaaga,2,kaattuvathaaga
காண்கிறது,kaankirathu,2,kaangiradhu
காண்கிறான்,kaankiraan,2,kaangiraan
காண்கிறார்,kaankiraar,2,kaangiraar
காண்பித்தது,kaanbiththathu,2,kaanpiththathu
காண்பித்தார்,kaanbiththaar,1,kaanpiththaar
காதலுக்கு,kaathalukku,3,kaathalukku
காதின்,kaathin,3,kaathin
காதில்,kaathil,3,kaathil
காத்திருந்த,kaathirundha,1,kaaththiruntha
காபூலில்,kabulil,2,kaapolil
காப்பாற்றிக்,kaapaatrik,1,kaappaattrik
காப்பீடு,kaappeedu,2,kappeedu
காப்புக்,kaappuk,2,kaappuk
காரணங்களுக்காக,kaaranangalukkaaga,1,kaaranangkalukkaaka
காரணத்தைத்,kaaranaththaith,1,kaaranaththaith
காரணமாகச்,kaaranamaakach,2,kaaranamaakach
காரணமாகத்தான்,kaaranamaagattan,1,karanamaathaanga
காரணமாகப்,kaaranamaakap,2,kaaranamaakap
காரணமாகவும்,kaaranamaakavum,2,kaaranamaagavum
காரணமாகவே,kaaranamaakave,2,kaaranamaakavae
காரணமாகும்,kaaranamaakum,2,kaaranamaakum
காரி,kaari,3,kaari
கார்களின்,cargalin,2,kaarkalin
கார்கள்,cargal,2,kaargal
கார்க்,kark,2,kark
கார்சன்,carson,1,karsan
கார்டன்,garden,2,kaardan
கார்த்திகேயன்,karthikeyan,2,kaarthikaeyan
கார்னர்,corner,2,kaarnar
கார்லோ,carlo,1,kaarloo
கார்லோஸ்,carlos,4,kaarloos
காற்றின்,kaatrin,2,kaatrin
காற்றே,katre,2,kaatrae
காலகட்டங்களில்,kaalakattangalil,1,kaalaatkangalail
காலகட்டத்திலும்,kalakattaththilum,2,kaalakattaththilum
காலகட்டத்தில்,kaalakattaththil,2,kaalakattaththil
காலணிகளை,kaalanigalai,2,kaalanigalai
காலணிகள்,kaalanigal,2,kaalanikal
காலத்தை,kaalaththai,2,kaalaththai
காலத்தைச்,kaalaththaich,2,kaalaththaich
காலமே,kaalamae,2,kaalame
காலாண்டில்,kaalaandil,3,kaalaandil
காலின்,kaalin,3,kaalin
காலியா,kaaliya,2,kaliya
காவல்துறைக்,kaavalthuraik,3,kaavalthuraik
காவல்துறைப்,kaavalthuraip,2,kaavalthuraip
காவல்துறையால்,kaavalthuraiyaal,3,kaavaluththaiyaar
கிடக்கிறது,kidakkirathu,2,kidakkiradhu
கிடங்கு,kidanku,2,kidangu
கிடந்த,kidantha,4,kidantha
கிடந்தனர்,kidanthanar,3,kidanthanar
கிடைக்க,ventiya,2,kidaikka
கிடைக்கக்,kidaikkak,2,kidaikkak
கிடைக்கக்கூடிய,kidaikkakkoodiya,2,kidaikkookkiyada
கிடைக்கவில்லை,kidaikkavillai,3,kidaikkavillai
கிடைக்காததால்,kadaikkaadhadhaal,1,kidaikkathaalath
கிடைக்காது,kidaikkaadhu,2,kidaikkaathu
கிடைக்கின்ற,kidaikkindra,2,kidaikkinra
கிண்ணியா,kinniyaa,2,kinniya
கியூபா,cuba,4,kioopa
கியூபாவில்,cubavil,2,kioovaaip
கிரண்,kiran,4,kiran
கிராண்ட்,graand,1,grand
கிருபை,kirubai,2,kirupai
கிறித்தவர்களின்,kirishthavarkalin,1,kiriththavargalin
கிறித்தவர்களும்,kiriththavargalum,2,kiriththavargalum
கிறித்தவர்கள்,kiriththavargal,2,kiriththavargal
கிலோவுக்கு,kilovukku,3,kilovukku
கிளைவ்,clive,4,kilaiv
கிழார்,kizhaar,2,kilaar
கீட்ஸ்,keats,2,keets
கீதாஞ்சலி,geethanjali,2,keethaazhchil
கீதை,geethai,3,keethai
கீதையில்,geethaiyil,2,keethaiyil
கீழிறங்கி,keelirangi,1,keezhirangi
குடந்தை,kudandhai,2,kudanthai
குடிப்பழக்கம்,kudippazhakkam,3,kudippakalak
குடை,kudai,2,kudai
குடைந்து,kudaindhdhu,1,kudaindhu
குடையின்,kudaiyin,2,kudaiyin
குடையில்,kudaiyil,2,kudaiyil
குட்,good,1,kut
குணமா,gunamaa,3,kunama
குயிலி,kuyili,3,kuliyi
குருதிக்,kuruthik,2,kuruthik
குருவி,kuruvi,3,kuruvi
குருவியின்,guruviyin,1,kuruviyin
குர்து,kurthu,2,kurthu
குறிச்சி,kurichchi,2,kurichchi
குறு,kuru,3,kuru
குறுக்குப்,kurukkup,3,kurukkup
குறுக்கும்,kurukkum,3,kurukkum
குறுவை,kuruvai,3,kuruvai
குறைந்தவர்கள்,kuraindhavargal,1,kurainthavargal
குறைந்தவை,kuraindavai,1,kurainthavai
குறைந்தால்,kuraindhaal,1,kurainthaal
குறைந்தே,kuraindhae,1,kuraintha
குளங்களின்,kulangkalin,2,kulanggalin
குளங்களும்,kulangkalum,2,kulanggalum
குளங்களை,kulangkalai,2,kulanggalai
குளங்களையும்,kulangkalaiyum,2,kulangalaiyum
குளங்கள்,kulangkal,2,kulangal
குளத்திற்கு,kulaththirku,2,kulaththirku
குளத்து,kulaththu,2,kulaththu
குளத்துக்கு,kulaththukku,2,kulaththukku
குளத்தை,kulaththai,1,kulaththai
குளமும்,kulamum,3,kulamum
குளிக்க,vendum,2,kulikka
குளித்த,kuliththa,3,kuliththa
குளித்தலை,kuliththalai,3,kulithalai
குளித்தல்,kuliththal,3,kuliththal
குளித்து,kuliththu,3,kuliththu
குளிர்ச்சி,kulirchchi,3,kulirchchi
குளுமை,kulumai,3,kulumai
குழந்தாய்,kulanthaai,2,kuzhanthaai
குழுக்கள்,kuzhukkal,3,kuzhukkal
குவா,kuvaa,2,kuva
குவாண்டம்,kuantam,1,guvandam
குவிந்தது,kuvinthathu,2,kuvindhadhu
குவிந்து,kuvinthu,2,kuvindhu
கூ,ggo,2,koo
கூடாது,koodaadhu,3,koodaathu
கூடிச்,koodich,3,kuutich
கூடுகளில்,koodugalil,1,koodugalil
கூடுமான,koodumaana,2,kuudumaana
கூடும்,koodum,2,koodum
கூட்டங்களின்,koottangalin,2,koottangalin
கூட்டங்களுக்கு,koottangalukku,2,koottangalukku
கூட்டங்களை,koottangalai,2,koottangalai
கூட்டங்களையும்,koottangalaiyum,2,koottangalaiyum
கூட்டங்கள்,koottangal,2,koottangal
கூட்டத்,koottath,2,koottath
கூட்டத்தின்,koottaththin,2,koottaththin
கூட்டத்தை,koottaththai,2,koottaththai
கூட்டத்தைத்,koottaththaith,1,koottaththaith
கூட்டப்பட்ட,koottappatta,2,koottappatta
கூட்டமும்,koottamum,2,koottamum
கூட்டம்,koottam,2,koottam
கூட்டவும்,koottavum,2,koottavum
கூட்டாக,koottaaka,1,koottaaka
கூட்டுதல்,koottuthal,2,koottuthal
கூத்து,kooththu,1,kooththu
கூரையில்,kooraiyil,3,kooraiyil
கூறப்பட்ட,koorappatta,2,koorappatta
கூறப்பட்டிருக்கும்,koorappattirukkum,2,koorappattirukkum
கூறப்பட்டு,koorappattu,2,koorappattu
கூறவும்,kooravum,2,kooravum
கூறாமல்,kooraamal,2,kooraalam
கூறை,koorai,3,koorai
கூல்,kool,2,kuul
கெடுக்கும்,kedukkum,3,kedukkum
கெடும்,kedum,3,kedum
கெல்வின்,calvin,1,kelvin
கேட்டது,kaettadhu,2,kaettadhu
கேட்டதும்,kaettadhum,2,kettathum
கேட்டனர்,kaettanar,3,kettanar
கேட்டபோது,kaettapoadhu,1,kaettapoadhu
கேட்டா,kaettaa,2,ketta
கேட்டார்,kaettaar,2,kettar
கேட்டால்,kaettaal,3,kettal
கேட்டுள்ளார்,kaettullaar,2,kettullaar
கேந்திரிய,kaendhiriya,1,kenthiriya
கேனல்,keenl,1,kaenal
கேமியோ,cameeo,1,kamioo
கேலன்,keelan,2,kaelan
கேளு,kelu,2,kaelu
கேள்,kel,2,kael
கைதிகளின்,kaidhigalin,2,kaithigalin
கைதிகளுக்கு,kaithigalukku,2,kaithigalukku
கைதிகளை,kaidhigalai,2,kaithigalai
கைதிகள்,kaidhigal,2,kaithigal
கைதியாக,kaidhiyaaga,2,kaithiyaaga
கைதியின்,kaidhiyin,2,kaithiyin
கைபேசி,kaipesi,2,kaipesi
கைமாறி,kaimaari,3,kaimaari
கையாள்,kaiyaal,3,kaiyaal
கையொப்பமிட்டு,kaiyoppamittu,3,kaiyippadindu
கைவசம்,kaivasam,3,kaivasam
கொடூர,kodoora,2,koodura
கொடூரமாக,kodooramaaga,1,kodoramaaga
கொடூரமான,kodooramaana,2,kooduramaana
கொணரும்,konarum,3,konarum
கொண்டிருக்க,kondirukka,3,kondirukka
கொண்டிருக்கக்,kondirukkak,3,kondirukkak
கொண்டிருக்கவில்லை,kondirukkavillai,3,kondirukkavillai
கொண்டிருக்கும்போது,kondirukkumpoadhu,2,kondirukkompothu
கொதிக்கும்,kothikkum,5,kodhikkum
கொரில்லா,gorilla,5,korillaa
கொளல்,kolal,2,kolal
கொள்,kol,2,kol
கொள்கிறார்கள்,kolgiraargal,2,kolgiraargal
கொள்ளவும்,kollavum,3,kollavum
கொள்ளாத,kolladha,3,kollaatha
கொள்ளாதவர்,kolladhavar,2,kollaathavar
கொள்ளாது,kollaadhu,2,kollaathu
கொள்வதால்,kollvadhaal,1,kolvathaal
கொழுக்கட்டை,kolukkattai,2,kozhukkattai
கொழுந்து,kolunthu,2,kozhundhu
கொழுப்பில்,koluppil,2,koluppil
கொழும்பின்,colombin,1,kozhumpin
கொழும்பில்,colombil,1,kozhumpil
கோகிலா,gokila,2,koagilaa
கோட்பாடு,kootpaadu,2,koatpaadu
கோட்பாடுகளின்,kootpaadukalin,2,koattaapugalin
கோட்பாடுகளும்,kootpaadukalum,2,koattapaadukul
கோட்பாடுகளை,kootpaadukalai,2,koatpaadugalai
கோட்பாடும்,kootpaadum,2,kootpaadum
கோபி,gopi,3,koopi
கோப்பை,koappai,1,kooppai
கோப்பைகளை,koappaigalai,1,koappaigalai
கோப்பைகள்,koappaigal,1,koappaigal
கோப்பைக்கான,koappaikkaana,1,koappaikkaana
கோப்பையின்,koppaiyin,2,koappaiyin
கோப்பையில்,koappaiyil,1,koappaiyil
கோப்பையை,koappaiyai,1,koappaiyai
கோலி,kooli,4,koli
கோலியாத்,goliath,1,koliyaath
கோல்களை,goalgalai,3,koalgalai
கோல்டன்,golden,4,kooldan
கோல்ட்,gold,3,kolt
கோல்ப்,golf,3,koolp
கோளின்,kolin,2,kolin
கோவலனும்,kovalanum,2,koovalanum
கோவலன்,kovalan,2,koovalan
கோவை,kovai,3,koavai
கோவையின்,kovaiyin,2,koavaiyin
கோவையில்,kovaiyil,2,koavaiyil
கௌரவ,gaurava,1,korava
கௌரவிக்கும்,gouravikkum,1,kooravikkum
சக்கரங்களை,cakkarangalai,1,chakkarangalai
சக்கரத்தின்,sakkaraththin,2,chakkaraththin
சக்கரத்தை,sakkaraththai,2,sakkaraththai
சக்கரத்தைப்,sakkaraththaip,2,sakkaraththaip
சக்ரவர்த்தி,chakravarthi,1,chakravarthi
சங்கக்,sangak,2,sangkak
சங்கங்களுக்கு,cankangalukku,1,sangangalukku
சங்கங்களை,cankangalai,1,sangangalai
சங்கங்கள்,cankangal,1,sangangal
சங்கத்,cankat,1,sangkath
சங்கத்திற்கு,cankattirku,1,sangaththirku
சங்கத்தில்,sanggaththil,2,sangaththil
சங்கத்தை,sanggaththai,2,sangaththai
சங்கமத்தில்,sangamathil,1,sangamaththil
சங்கமம்,sangamam,2,sangamam
சங்கமாக,sangamaaga,1,sangamaaga
சங்கமிக்கும்,sangamikkum,2,sangkamikkum
சங்கமும்,sangamum,2,sangkamum
சங்கவை,sangavai,2,sangavai
சங்கிலி,sangili,1,sangili
சங்கிலிகள்,sanggiligal,1,sangiligal
சங்கிலியால்,sanggiliyaal,1,sangkiliyaal
சங்கிலியை,sanggiliyai,1,sangkilaiyai
சங்கை,sangai,2,sangai
சட்டமா,sattamaa,2,sattamaa
சட்டை,sattai,3,sattai
சட்டையின்,sattaiyin,3,sattaiyin
சட்டையில்,sattaiyil,3,sattaiyil
சட்டையை,sattaiyai,3,sattaiyai
சதவீதத்தில்,sathaveethaththil,2,sadhavethiththil
சதவீதம்,sadhaveedham,2,satheveetham
சதி,sadhi,2,sathi
சதீஷ்,satheesh,2,sathees
சத்யா,sathya,3,sathya
சத்யாவின்,sathyaavin,2,sathayvin
சந்தர்ப்பங்களில்,santharppangkalil,2,santharpangalil
சந்தர்ப்பங்களை,santharppangkalai,2,santharppangalai
சந்தர்ப்பங்கள்,santharppangkal,2,sandharpangal
சந்தர்ப்பத்தில்,santharppaththil,3,santharpaththil
சந்தர்ப்பம்,santharppam,3,santhrappam
சந்தியா,sandhiya,2,sandhiya
சந்தைப்படுத்தல்,santhaippaduththal,3,santhaippaduththal
சபரி,sabari,3,sabari
சபையினால்,sabaiyinaal,3,sabaiyinaal
சமகால,samakaala,3,samakaala
சமனான,samanaana,2,samanaana
சமபங்கு,samapangku,3,samabangu
சமமாக,samamaaga,1,samamaaga
சமமாகவும்,samamaagavum,1,samamaagavum
சமயத்,samayath,3,samayath
சமர்ப்பித்தார்,samarppiththaar,3,samarppiththaar
சமர்ப்பித்து,samarppiththu,3,samarppiththu
சமர்ப்பித்துள்ளார்,samarppiththullaar,3,samarppiththullaar
சமைத்த,samaiththa,2,samaiththa
சமைத்தல்,saimaiththal,1,samaiththal
சமைத்தால்,samaiththaal,2,samaiththaal
சம்,sam,2,sam
சம்சாரம்,samsaaram,2,samsaaram
சம்பிரதாய,sambiradhaaya,1,sambirathaaya
சம்பிரதாயமான,sambiradhayamaana,1,sambirathaamaana
சம்மந்தர்,sammanthar,2,sammandhar
சரக்குகள்,sarakkukal,2,sarakkukal
சரணடைந்த,saranadaintha,3,saranadaintha
சரணடைந்தது,saranadainthathu,3,saranadanaththu
சரணடைந்தார்,saranadainthaar,2,saranadainthar
சரணடைந்து,saranadainthu,3,saranadainthu
சரணடைய,saranadaiya,3,saranadaiya
சரயு,sarayu,3,saray
சரளமாக,saralamaaga,1,saralamaaga
சரளா,sarala,3,saralaa
சரவணபவன்,saravanabavan,1,saravanapana
சரிதம்,saritham,3,saritham
சரிதா,saritha,3,saridha
சர்வ,roka,3,sarva
சர்வம்,sarvam,2,sarvam
சர்வருக்கு,sarvarukku,2,sarvarukku
சர்வர்,sarvar,3,sarvar
சர்வர்கள்,sarvargal,1,sarvargal
சற்றுத்,sattruth,2,satruth
சற்றுப்,sattrup,2,satrup
சற்றும்,sattrum,2,satrum
சற்றே,satre,1,satrae
சாசன,saasana,2,saasana
சாசனங்கள்,saasanangal,2,saasanangal
சாசனத்தின்,saasanaththin,2,saasanaththin
சாசனத்தில்,saasanaththil,2,saasanaththil
சாஞ்சி,sanchi,3,saanchi
சாண்டோ,saandoa,1,saandoo
சாதகம்,saathakam,2,saathagam
சாதாரணமான,saathaaranamaana,2,saathaaranamaana
சாத்தியமா,saaththiyamaa,3,saaththiyamaa
சாந்த,kumari,5,saantha
சாந்தன்,santhan,2,saanthan
சாந்தப்படுத்தும்,saanthappaduththum,2,saanthappaduththum
சாந்தம்,saantham,2,saantham
சாமானிய,saamaaniya,3,samaniya
சாமிநாதன்,saaminaathan,3,saminaathan
சாரதிகள்,saaradhigal,2,saarathigal
சாளுக்கியர்,chaallukiyar,1,salukkiyar
சாளுக்கியர்கள்,chalukiyargal,1,saalukkiyargal
சாவி,saavi,3,saavi
சாவித்ரி,saavithri,2,savitri
சாஸ்திரி,shastri,3,saasthiri
சாஸ்திரிகள்,saashthirigal,1,saasthirigal
சிக்கன,sikkana,3,sikkana
சிக்கனமாக,sikkanamaaka,2,sikanamaka
சிக்கனமான,sikkanamaana,3,sikanamaana
சிட்டு,chittu,3,sittu
சிட்டுக்,chittuk,3,sittuk
சித்தார்த்,siddharth,4,siththaarth
சித்திரை,chithirai,1,siththirai
சித்திரைப்,chithiraip,1,siththiraip
சிந்தித்தல்,sinthitthal,2,sinthiththal
சிம்,kartu,3,sim
சிம்மன்,simman,2,simman
சிம்ஸ்,sims,5,simm
சிராஜ்,siraj,2,siraj
சிரியன்,syrian,2,siriyan
சிரியப்,siriap,1,siriyap
சிறிதளவு,siridhalavu,2,sirithalavu
சிறிது,siridhu,3,sirithu
சிறிதும்,siridhum,2,sirithum
சிலிக்கா,seelica,1,silikkaa
சிலிக்கான்,silicon,4,silikkaan
சிவ,shiiv,1,siva
சிவந்து,sivanthu,3,sivandhu
சிவனின்,sivanin,3,sivanin
சிவனுக்கு,sivanukku,3,sivanukku
சிவபெருமானே,sivaperumane,2,sivaperumaana
சிவப்பிரகாச,sivappiragasa,1,sivappiragaasa
சிவம்,sivam,3,sivam
சீக்ரெட்,secret,3,seektret
சீதக்காதி,seethakkaathi,2,seethakkathi
சீனிவாச,seenivasa,2,cheenivaasa
சீருடை,seerudai,2,seerudai
சீருடைகள்,seerudaikal,3,seerudaikal
சீருடைப்,seerudaip,2,seerudaip
சீலம்,seelam,3,seelam
சீலா,sheela,2,seela
சுக்கு,sukku,3,sukku
சுடலை,sudalai,3,sudalai
சுடலைமாடன்,chutalaimaatan,1,sudalaipaanam
சுத்தப்படுத்தும்,suththappaduththum,2,suththappaduththum
சுத்தமான,suththamaana,2,suththamaana
சுந்தரி,sundari,2,sundhari
சுபா,subha,2,suba
சுறாக்கள்,suraakkal,3,suraakkal
சுற்றிவர,chutrtrivara,1,suttrivara
சுற்றுலா,suttrulaa,2,sutrulaa
சுற்றுலாப்,payanikalai,4,sutrulaap
சுவரின்,suvarin,3,suvarin
சுவர்கள்,suvargal,2,suvargal
சுவாசிக்க,suvasikka,2,suvaasikka
சுவாசிக்கும்,suvaasikkum,2,suvaasikkum
சூட்டிக்,soottik,2,soottik
சூட்டினர்,choottinaar,1,soottinar
சூதாட்டம்,soothaattam,2,soothaattam
சூறாவளிகள்,sooraavalikal,2,suuraavaligal
சூறாவளியில்,sooraavaliyil,1,suuraavaliyil
சூழப்பட்டது,soolappattathu,2,soolappattathu
சூழப்பட்டுள்ளது,soolappattullathu,2,soolappattullathu
செங்குத்தான,sengkuththaana,1,senguththaana
செங்கை,chengai,2,sengai
செஞ்சி,chenchi,1,senji
சென்டர்,center,4,sendar
சென்டி,centi,3,sendi
சென்ட்,cent,3,send
செப்பெலின்,jeppelin,1,seppelin
செயற்பாடு,seyarpaadu,3,seyarpaadu
செயற்பாடுகளின்,seyarpaadugalin,3,seyarpaadugalin
செயற்பாடுகளிலும்,seyarpaadugalilum,3,seyarpadugalilum
செயற்பாடுகளில்,seyarpaadugalil,3,seyarpaadugalil
செயற்பாடுகளுக்கான,seyarpaadugalukkaana,3,seyarpaadukalukkaana
செயற்பாடுகளுக்கு,seyarpaadugalukku,3,seyarpaadugalukku
செயற்பாடுகளும்,seyarpaadugalum,3,seyarpaadugalum
செயற்பாடுகளை,seyarpaadugalai,3,seyarpaadugalai
செயற்பாடுகளைக்,seyarpaadugalaik,3,seyarpaadugalaik
செயற்பாடுகளையும்,seyarpaadugalaiyum,3,seyarpaadugalaiyum
செயலாற்ற,seyalaatra,1,seyalaattra
செயலிழந்து,seyalilandhdhu,1,seyalilanthu
செயலுக்காக,seyalukkaaga,2,seyalukkaaka
செயல்படாத,seyalpadatha,2,seyalpataatha
செயல்படுதல்,seyalpaduthal,3,seyalpaduthal
செயல்படும்,seyalpadum,2,seyalpadum
செயல்படும்போது,cheyalpatumpoothu,1,seyalpadumpoathu
செயல்படுவது,seyalpaduvathu,2,seyalpaduvathu
செயல்முறைகளை,seyalmuraigalai,2,seyalumargalai
செயல்முறைகள்,seyalmuraigal,2,seyalumaraikal
செயல்முறைக்கு,seyalmuraikku,3,seyalmarukku
செயல்முறையில்,seyalmuraiyil,3,seyalmuraiyil
செயல்முறையை,seyalmuraiyai,3,seyalumaryai
செயிண்ட்,saint,4,cheind
செயின்,chain,4,chein
செய்ததின்,seithathin,3,seithathin
செய்தமையால்,seithamaiyaal,2,seithamaiyal
செய்தவருக்கு,seithavarukku,2,seithavarukku
செய்துள்ளார்கள்,seithullaarkal,2,seithullaargal
செய்பவர்,seibavar,3,seivapar
செய்பவர்களே,seibavargalae,2,seivarpalakae
செய்பவர்கள்,seibavargal,2,seivapargal
செய்மதி,seimathi,3,seimathi
செய்யப்பட்ட,seiyappatta,2,seyyappatta
செய்யப்பட்டதாக,seiyappattathaaga,2,seyyappattathaaka
செய்யப்பட்டது,seiyappattathu,2,seyyappattathu
செய்யப்பட்டதும்,seiyappattathum,2,seyyappattathum
செய்யப்பட்டனர்,seiyappattanar,2,seiyappattanar
செய்யப்பட்டபோது,seiyappattapoothu,1,seiyappattapothu
செய்யப்பட்டவுடன்,seiyappattavudan,2,seiyappattavatum
செய்யப்பட்டவை,seiyappattavai,3,seyyappattavai
செய்யப்பட்டான்,seiyappattaan,2,seiyappattaan
செய்யப்பட்டார்,seiyappattaar,2,seiyappattaar
செய்யப்பட்டாலும்,seiyappattaalum,2,seiyappattaalum
செய்யப்பட்டிருந்த,seiyappattiruntha,2,seiyappattiruntha
செய்யப்பட்டு,seiyappattu,3,seyappattu
செய்யப்பட்டுள்ளார்,seiyappattullaar,2,seyaippattullaar
செய்யுள்,seyyul,2,seiyul
செய்யுள்கள்,seyyulgal,2,seiyulgal
செர்பியா,serbia,4,serpiyaa
செறிந்து,serinthu,3,serindhu
செலவிடும்,selavidum,3,selavidum
செலுத்தினர்,seluththinar,2,seluthinar
செவ்வாய்,sevvaai,3,sevvai
செவ்வாய்க்,sevvaaik,3,sevvaikk
சேகரித்து,sekariththu,2,saegariththu
சேகரிப்பதில்,sekarippathil,2,saagarippathil
சேகரிப்பது,sekarippathu,2,saagarippathu
சேகரிப்பு,sekarippu,2,saagarippu
சேகரிப்புத்,sekaripputh,2,saagaripputh
சேதமடைந்த,chaethamadainththa,1,saethamadaintha
சேதமடைந்தது,chaethamadainththu,1,sathamadainthathu
சேதமடைந்தன,chaethamadainththana,1,saethamathanthana
சேய்,saey,2,sai
சேரலாதன்,cheralaathan,2,seralaathan
சேரில்,chairil,3,seril
சேர்க்கை,serkkai,2,serkkai
சேர்க்கைகள்,serkkaikal,2,serkkaikal
சேர்க்கையால்,serkkaiyaal,2,serkkaiyaal
சேர்க்கையின்,serkkaiyin,2,serkkaiyin
சேர்க்கையை,serkkaiyai,2,serkkaiyai
சேர்த்துச்,serththuch,2,serththuch
சேர்த்தும்,serththum,2,serththum
சேர்ந்து,saernthu,1,sernthu
சைகை,saigai,3,saikai
சைகைகள்,saigaigal,3,saigaigal
சைப்,saip,2,saip
சைமன்,simon,4,saiman
சைலஜா,sailaja,3,saliaja
சைவ,cittanta,3,saiva
சைவக்,saivak,3,saivak
சைவத்,saivath,3,saivath
சைவப்,pirakaasa,3,saivap
சைவம்,saivam,3,saivam
சைவர்கள்,saivargal,3,saivargal
சொத்தை,soththai,3,soththai
சொந்தமா,sonthamaa,3,sondhama
சொல்லுக்கான,sollukkaana,3,sollukkaana
சொல்லுக்கு,sollukku,3,sollukku
சொல்லுங்கள்,sollungkal,2,sollungal
சொல்லுடன்,solludan,3,solludan
சொல்வதாக,solvadhaga,1,solvathaaga
சொல்வது,solvathu,2,solvathu
சொல்வதென்றால்,cholvathenraal,1,solvathernaal
சொல்வதை,solvathai,3,solvathai
சோசலிச,socialisa,2,soosalicha
சோதிக்கும்,soathikkum,2,soathikkum
சோழபுரம்,soazhapuram,2,soalapuram
சோழர்,cholar,2,soolar
சோழர்களின்,soazharkalin,2,soolarkalin
சோழர்களுக்கு,choazharkalukku,1,soolarkalukku
சோழர்கள்,choazharkal,1,soalarkal
சௌத்ரி,choudhri,1,soothir
ஜப்பானின்,japanin,2,japaanin
ஜப்பானை,japanai,2,japaanai
ஜப்பான்,japan,3,jappan
ஜப்பார்,jappaar,3,jappar
ஜாதவ்,jaadhav,2,jaathav
ஜானுக்கு,johnukku,2,jaanukku
ஜாலியன்,jallian,2,jalian
ஜீவ,jeeva,6,jeeva
ஜீவாத்மா,jeevaathmaa,2,jeevaathaam
ஜெட்,jet,5,jat
ஜென்,jen,6,jen
ஜென்னர்,jennar,3,jennr
ஜேன்,jane,1,jaen
ஜோர்டான்,jordan,3,joordaan
ஜோர்தான்,joarthaan,1,joortan
டஃப்,tough,3,tob
டக்ளஸ்,daklas,3,taklas
டர்போ,darpoo,1,tarpoo
டாடா,tata,3,taadaa
டான்ஸ்,dance,3,dans
டார்ச்,torch,3,darch
டார்வின்,darwin,3,daarvin
டூன்,duun,2,toon
டெக்சாஸ்,texas,3,deccos
டேவிட்,david,5,david
டேவிட்சன்,davidson,4,davitchan
டை,daai,1,tai
டைட்டானியம்,titanium,4,taitnaamiyam
டைலர்,tyler,3,dalar
டொபாகோ,daoopakoo,1,dopago
டோனி,dhoni,4,dooni
தங்கிச்,thangich,2,thangich
தங்கிய,thangiya,3,thangiya
தங்கியுள்ளது,thangiyullathu,2,thangkiyullathu
தடங்களில்,thadangalil,1,thadangalil
தடய,thadaya,3,thadaya
தடயங்களை,thadayangalai,2,thadainagalai
தடயங்கள்,thadayangal,1,thadayangal
தடுத்த,thaduththa,3,thaduththa
தடுத்தன,thaduththana,3,thaduththana
தடுத்தார்,thaduththaar,2,thaduththaar
தடைகளை,thadaikalai,2,thadaigalai
தடைகளைத்,thadaikalaith,2,thadaikalaith
தடைபட்டது,thadaipattathu,3,thadaipattathu
தடையும்,thadaiyum,3,thadaiyum
தடையை,thadaiyai,3,thadaiyai
தட்சிணாமூர்த்தி,dakshinaamurthy,1,thanthamoornththi
தட்டான்,thattaan,3,thattan
தண்டனை,thandanai,3,thandanai
தண்டனைகள்,thandanaigal,2,thandanaikal
தண்டனையிலிருந்து,dhandanaiyilirundhu,1,thandanilaiyirunthu
தண்டவாள,thandavaala,3,thandavaala
தண்டவாளங்கள்,dhandavaalangal,1,thandavaalangkal
தண்டின்,thandin,3,thandin
தந்திர,thanthira,2,thandhira
தந்திரங்களில்,thandhirangalil,1,thanthirangalil
தந்திரங்கள்,thandhirangal,1,thanthirangal
தந்திரத்தை,thanthiraththai,2,thanthiraththai
தனக்காக,thanakkaaga,2,thanakkaaka
தனித்தனி,thaniththani,3,thaniththani
தனித்தனிக்,thaniththanik,2,thaniththanik
தனித்தனியாக,thaniththaniyaaga,3,thaniththinaika
தனித்தனியாகப்,thaniththaniyaagap,3,thaniththinaipaka
தனித்தனியான,thaniththaniyaana,3,thaniththinayaana
தனித்தன்மையான,thaniththanmaiyaana,2,thaniththanmaiyaana
தனித்தன்மையுடன்,thaniththanmaiyudan,3,thaniththanmaiyudan
தனித்துவமான,thaniththuvamaana,2,thaniththuvamaana
தனித்துவமானது,thaniththuvamaanadhu,1,thaniththumavathaamu
தனிமங்களின்,thanimangalin,3,thanimangkalin
தன்,vaayaal,2,than
தபசு,thabasu,2,thasapu
தமக்கென,thamakkena,2,thamakkena
தமிழகத்திலிருந்து,tamilagaththilirunthu,1,thamizhakathilirundhu
தமிழகத்திலும்,tamilagaththilum,1,thamizhakaththilum
தமிழகத்து,tamilagaththu,1,thamizhakaththu
தமிழகத்துக்கு,tamilagaththukku,1,thamizhakaththukku
தமிழகத்தை,tamilagaththai,1,thamizhakaththai
தமிழகத்தைச்,tamilagaththaich,1,thamizhakaththaich
தமிழகப்,tamilagap,2,thamizhagap
தமிழகம்,tamilagam,2,thamizhagam
தமிழறிஞர்,tamilarinar,1,thamizharinar
தமிழையும்,tamilaiyum,2,thamilaiyum
தம்பதி,thambathi,2,thambathi
தம்பதிகளுக்கு,thampathikalukku,2,thambathikalukku
தம்பதிகள்,thambadhigal,1,thambathikal
தம்பதிக்கு,thambathikku,3,thambathikku
தம்பதியினருக்கு,thambathiyinarukku,3,thampathiyarikunu
தம்பதியினர்,thambathiyinar,3,thampathiyinar
தயாரானது,thayaaraanathu,3,thayaaraanathu
தயாளன்,dayalan,1,thayalan
தரக்கூடிய,tharakkoodiya,1,tharakkoodiya
தரத்தைக்,tarataik,1,tharaththaik
தரவரிசைப்,tharavarisaip,3,tharavarichap
தரவரிசையில்,tharavarisaiyil,3,tharavarisaiyil
தரவில்லை,tharavillai,3,tharavillai
தரவுகளை,tharavugalai,2,tharavugalai
தரவுகளைத்,tharavugalaith,3,tharavukalaith
தரவை,tharavai,3,tharavai
தருகின்றார்,tharuginraar,1,tharukintraar
தருணங்களில்,tarunankalil,1,tharunangalil
தருணத்தை,tharunaththai,2,tharunaththai
தருணமாக,tharunamaaka,2,tharunamaaga
தர்மபுரி,dharmapuri,3,tharmapuri
தலைநகரம்,thalainagaram,2,thalainagaram
தலைமையிடமாக,thalaimaiyidamaaka,2,thalaimaiyidamaaga
தலைமையிடம்,thalaimaiyidam,3,thalaimaiyadim
தலைமையேற்றார்,thalaimaiyaetroor,1,thalaimaiyetraar
தலைவனுக்கு,thalaivanukku,2,thalaivanukku
தலைவனும்,thalaivanum,2,thalaivanum
தலைவனை,thalaivanai,2,thalaivanai
தலைவரை,thalaivarai,2,thalaivarai
தள,thala,3,thala
தளத்துடன்,thalaththudan,2,thalaththudan
தளமாக,thalamaaka,2,thalamaaga
தளமானது,thalamaanathu,3,thalamaanathu
தளமும்,thalamum,3,thalamum
தளவாட,thalavaada,3,thalavada
தளவாடங்கள்,thalavaadangal,2,thalavaangalal
தள்ளி,vittathu,3,thalli
தள்ளிப்,potum,3,thallip
தவிக்கும்,thavikkum,3,thavikkum
தவில்,thavil,3,thavil
தாங்க,mudiyavillai,3,thaanga
தாங்கக்,thaangak,3,thaangkak
தாங்கக்கூடிய,thaangakkoodiya,2,thaangkadukiya
தாங்கல்,thaangal,3,thaangal
தாங்காமல்,thaangaamal,3,thaangaalam
தாசன்,dasan,1,thaasan
தாது,manal,6,thaathu
தாதுப்,thaathup,2,thaathup
தாமிரம்,thaamiram,3,thaamiram
தாம்பூலம்,thaamboolam,3,thaampolum
தாயகமான,thaayagamaana,3,thaayakamaana
தாரா,tara,3,thaaraa
தாராவின்,thaaraavin,2,thaaraavin
தாலிபான்,taliban,3,thalipan
தாலிபான்கள்,talibangal,3,thaalipaangal
திட்டமிட,thittamida,3,thittamida
திட்டமிடல்,thittamidal,3,thittamidal
திட்டமிடும்,thittamidum,3,thittamitum
திமுக,thimuka,3,thimuka
திமுகவின்,thimukavin,3,thimukavin
தியாகராஜ,thiyaagaraaja,1,thiyaakaraaja
தியாகராஜன்,thiyaakaraajan,1,thiyaaraagavan
தியாகராஜர்,thiyaakaraajar,2,thiyaakaraajar
திருச்சிராப்பள்ளி,thiruchchiraappalli,2,thiruchchaalarppil
திருச்சிராப்பள்ளியில்,thiruchchiraappalliyil,2,thiruchchiraalpaliyil
திருமங்கை,thirumangai,2,thirumangai
திருமங்கையாழ்வார்,thirumangaiyaazhvaar,2,thirumangkaavaiyaar
திருமாலின்,thirumalin,2,thirumaalin
திருமுழுக்கு,thirumulukku,3,thirumuzhukku
திருவரங்கம்,thiruvarangam,1,thiruvanarkam
திருவாடானை,thiruvaadaanai,2,thiruvaadanai
திரைக்கு,thiraikku,3,thiraikku
திரைக்குப்,thiraikkup,3,thiraikkup
திரைத்,thiraith,3,thiraith
திரையின்,thiraiyin,2,thiraiyin
திற,thira,3,thira
திறனும்,thiranum,3,thiranum
திறன்,mikka,6,thiran
திறன்களையும்,thiranankalaiyum,1,thirangalaiyum
திறன்கள்,thirankal,2,thirangal
தீட்டப்பட்ட,theettappatta,3,theettappatta
தீட்டப்பட்டுள்ளது,theettappattullathu,3,thettappattullathu
தீண்டாமை,theendaamai,3,theendamai
தீனி,theeni,3,theeni
தீபக்,deepak,4,theepak
தீபங்கள்,deebanggal,1,dheepangal
தீபன்,deepan,2,theepan
தீர்க்கதரிசி,theerkkatharisi,2,theerkatharichi
தீர்ப்பாயம்,theerppaayam,3,theerppaayam
தீர்ப்பால்,theerppaal,3,theerppaal
தீர்ப்பின்,theerppin,3,theerppin
தீர்மானித்தனர்,theermaaniththanar,3,theermaaniththanar
துடுப்பு,thuduppu,3,thuduppu
துடைப்பம்,thudaippam,3,thudaippam
துணிந்து,thuninthu,2,thunindhu
துன்புறுத்தல்,thunpuruththal,2,thunpuruththal
துருவக்,thuruvak,3,thuruvak
துருவம்,thuruvam,3,thuruvam
துரோணர்,dhroanar,1,thuronar
துர்க்கை,dhurkkai,1,tuukkai
துறவி,thuravi,3,thuravi
துறவிகளின்,thuravigalin,2,thuravigalin
துறவிகள்,thuraigal,1,thuravigal
துறவியின்,thuraviyin,3,thuraviyin
துறவியும்,thuraviyum,2,thuraviyum
துறைக்கும்,thuraikkum,3,thuraikkum
துளை,thulai,3,thulai
துளைகளை,thulaikalai,2,thulaigalai
துளைகள்,thulaigal,2,thulaigal
துளைத்து,thulaiththu,3,thulaiththu
துளையின்,thulaiyin,3,thulaiyin
துளையில்,thulaiyil,3,thulaiyil
துளையை,thulaiyai,3,thulaiyai
துவக்கத்தில்,thuvakkaththil,3,thuvakkaththil
துவக்கப்பட்டு,thuvakkappattu,3,thuvakkappattu
துவக்கமாக,thuvakkamaaga,2,thuvakkamaaga
துவக்கம்,thuvakkam,3,thuvakkam
துவங்கப்பட்ட,thuvangappatta,2,thuvangkappatta
துவங்கவில்லை,thuvangavillai,2,thuvangkavillai
தூது,thoothu,2,thoodhu
தூர்தர்ஷன்,doordarshan,2,thoothroshn
தூளைத்,thoolaith,2,thoolaith
தெரிகிறது,therigirathu,2,therikirathu
தெற்காக,therkaaga,1,therkaaga
தெற்கிலிருந்து,therkilirunthu,2,therkilirunthu
தேக்க,thaekka,3,theekka
தேங்காய்ப்,thaengaip,1,thaengkaaip
தேர்,thaer,2,thaer
தேர்ந்தெடுக்கும்,thaernthedukkum,2,thernthedukkum
தேர்வின்,thaervin,2,thaervin
தேர்வில்,thaervil,2,tharvil
தேர்வை,thaervai,2,thervai
தேவாலய,devalaya,2,thevalai
தேவாலயம்,devaalayam,1,thevalayam
தேவியர்,deviyar,3,theviyar
தொகுத்த,thoguththa,3,thoguththa
தொகுத்தார்,thoguththaar,3,thoguththaar
தொகுப்பின்,thoguppin,2,thoguppin
தொகுப்பிலும்,thoguppilum,2,thoguppilum
தொகுப்பில்,thoguppil,2,thoguppil
தொகுப்பையும்,thokuppaiyum,2,thoguppaiyum
தொகைகள்,thokaikal,2,thokaikal
தொகைக்கு,thokaikku,2,thokaikku
தொகையானது,thokaiyaanathu,2,thogayaanathaa
தொகையின்,thokaiyin,2,thogaiyin
தொகையே,thokaiye,2,thogaiyae
தொகையை,thokaiyai,2,thokaiyai
தொகையைக்,thokaiyaik,3,thogaiyaik
தொட,thoda,3,thoda
தொடரான,thodaraana,3,thodaraana
தொடருக்கு,thodarukku,3,thodarukku
தொடர்புகளில்,thodarbukalil,1,thodarpukalil
தொடர்புகளும்,thodarbukalum,1,thodarpugalum
தொடர்புகளையும்,thodarbugalaiyum,1,thodarpugalaiyum
தொடர்புகள்,thodarbugal,1,thodarpukal
தொடர்புக்கு,thodarbukku,2,thodarpukku
தொடர்புடன்,thodarbudan,2,thodarpudan
தொடர்புத்,thodarbuth,2,thodarputh
தொடும்போது,thodumpothu,2,thodumpoothu
தொட்டு,thottu,3,thottu
தொலைநோக்கி,tholainokki,2,tholainookki
தொலைநோக்கியை,tholainokkiyai,2,tholainookkiyai
தொலைபேசி,tholaipesi,2,tholaipaesi
தொலைபேசிகளில்,tholaipaesialil,1,tholaipesaikil
தொழிலின்,thozhilin,3,thozhilin
தொழிலில்,thozhilil,3,thozhilil
தொழுதார்,thozhuthaar,3,thozhuthaar
தொழும்போது,tholumpoathu,1,thozhumpoathu
தோண்டும்,thondum,2,thoandum
தோன்றிய,thondriya,2,thoandriya
தோன்றியதால்,thondriyathaal,2,thondriyathaal
தோன்றியுள்ளது,thondriyullathu,2,thoandriyullathu
தோமஸ்,thoamas,2,thoamas
தோரணை,thoaranai,2,thoaranai
தோற்றுவிக்க,thoarruvikka,1,thoatruvikka
தோற்றுவித்தவர்,thoarruviththavar,1,thoartruvithavar
தோற்றுவித்தார்,thoarruviththaar,1,thoarthuviththaar
தோற்றுவித்து,thoarruviththu,1,thoartruviththu
தோல்விக்கு,thoalvikku,1,tholvikku
தோல்விக்குப்,thoalvikkup,1,thoolvikkup
தோல்வியில்,thoalviyil,3,thoalviyil
தோல்வியே,thoalviyae,3,tholviyae
தோல்வியைத்,thoalviyaith,3,tholviyaith
நகரத்தைச்,nagaraththaich,3,nagaraththaich
நடக்கிறது,nadakkirathu,3,nadakkirathu
நடைபெறாத,nadaiperaadha,2,nadaiperathaa
நடைபெறாமல்,nadaiperaamal,3,nadaiperaalam
நடைபெறுவதை,nadaiperuvadhai,3,nadaipuradhavai
நதி,mulam,3,nathi
நதிகளும்,nadhigalum,1,nadhigalum
நதிக்,nadhik,3,nathik
நதியான,nadhiyaana,3,nadhiyaana
நதியிலிருந்து,nadhiyilirunthu,2,nadiyilirundhu
நதியில்,nadhiyil,3,nadhiyil
நதியையும்,nathiyaiyum,3,nadhiyaiyum
நத்தம்,naththam,3,naththam
நன்மை,nanmai,3,nanmai
நன்மைகளை,nanmaigalai,2,nanmaigalai
நன்மைகளைப்,nanmaigalaip,2,nanmaigalaip
நன்மைகள்,nanmaigal,2,nanmaikal
நன்மைக்காக,nanmaikkaaka,2,nanmaikkaaka
நன்மையாக,nanmaiyaaka,2,nanmaiyaaka
நன்மையே,nanmaiyae,1,nanmaiyae
நயத்தோடு,nayathodu,1,nayththoadu
நயம்,nayam,3,nayam
நரசிம்மன்,narasimman,3,narasiman
நரம்புகளை,narampukalai,2,narambukalai
நரம்புகள்,narampukal,2,narambukal
நற்பண்புகள்,narpanbugal,2,narpanpukal
நல்ல,nalla,6,nalla
நல்லார்,nallaar,3,nallaar
நல்லோர்,nalloar,2,nallor
நளன்,nalan,3,nalan
நள்ளிரவு,nalliravu,3,nalliravu
நவ,nava,5,nava
நவசக்தி,navasakthi,2,navasathi
நவமி,navami,3,navami
நவம்,navam,3,navam
நவீனத்,naveenath,3,naveendh
நவீனத்துவ,naveenaththuva,3,naevendhavuth
நவீனத்துவம்,naveenaththuvam,3,naevenaththuvam
நவீனம்,naveenam,3,naveenam
நவீன்,naveen,4,naveen
நாகரீகங்களில்,naagareegangalil,2,naagareegangalil
நாகரீகத்தை,naagareegaththai,3,nagareekathai
நாசாவின்,naasaavin,2,naasaavin
நாசாவில்,naasaavil,2,naasaavil
நாசி,naasi,3,naasi
நாசிர்,nasar,1,naasir
நாஞ்சில்,naanchil,2,naanjil
நாடுகடத்த,naadukadaththa,2,naadugathath
நாடுகடத்தப்பட்ட,naadukadaththappatta,2,naadukathappattatha
நாடோடி,naadoadi,1,naatoadi
நாட்டவர்கள்,naattavargal,3,naattavargal
நாட்டிய,naattiya,3,naattiya
நாட்டியத்தில்,naattiyaththil,3,naattiyaththil
நாட்டியப்,naattiyap,3,naattiyap
நானா,naanaa,4,naana
நானூறு,naanooru,3,naanooru
நாராயணாய,naaraayanaaya,2,naaraayanaaya
நாற்பது,naarpathu,3,naarpathu
நாற்பதுக்கும்,naarpathukkum,3,naarpadukkum
நாற்றத்தை,naatraththai,2,naatraththai
நிகர,nigara,2,nigara
நிகழ்தகவு,nigazhthagavu,2,nigazhthavaku
நிகழ்த்த,nigazhththa,2,nigazhththa
நிகழ்த்தப்படும்,nigazhththappadum,2,nigazhththappadum
நிகழ்வுகளால்,nigalvugalaal,1,nigazhvukalaal
நிகழ்வுகளின்,nigalvugalin,1,nigazhkuvalin
நிகழ்வுகளைப்,nigalvugalaip,1,nigazhukkavail
நிகழ்வுகளையும்,nigalvugalaiyum,1,nigazhkuvalaiyum
நிகழ்வும்,nigazhvum,2,nigazhvum
நிகழ்வை,nigazhvai,2,nigazhvai
நிகழ்வைப்,nigalvaip,1,nigazhvaip
நிகழ்வையும்,nigazhvaiyum,2,nigazhvaiyum
நிகோடின்,nicotine,2,nigoodin
நிசான்,nissan,4,nisan
நினைவாகவும்,ninaivaagavum,3,ninaivaagavum
நியமனம்,niyamanam,3,niyamanam
நியமிக்க,niyamikka,3,niyamikka
நிருபர்,nirubar,2,nirupar
நிர்வகிக்க,nirvagikka,3,nirvakikka
நிர்வகிக்கும்,nirvagikkum,3,nirvakikkum
நிர்வாக,nirvaaga,3,nirvaaga
நிர்வாகக்,nirvaagak,3,nirvaakak
நிர்வாகங்கள்,nirvaagangal,2,nirvaangkalkal
நிர்வாகத்,nirvaagath,3,nirvaakath
நிர்வாகத்திற்கும்,nirvaagaththirkum,3,nirvaakaththirkum
நிர்வாகத்திலும்,nirvaagaththilum,3,nirvaathakilthum
நிர்வாகத்தில்,nirvaagaththil,3,nirvaakaththil
நிர்வாகமும்,nirvaagamum,2,nirvaakamum
நிறைவுறும்,niraivurum,3,niraivurum
நிலக்,nilak,3,nilak
நிலக்கடலை,nilakkadalai,3,nilakkadalai
நிலைநிறுத்த,nilainiruththa,3,nilainiruththa
நிலைநிறுத்திக்,nilainiruththik,3,nilainthiruththik
நிலைநிறுத்தும்,nilainiruththum,3,nilainthiruththum
நீ,nee,4,nee
நீட்டிக்,neettik,3,neettik
நீட்டிப்பு,neettippu,3,neettippu
நீதான்,neethaan,3,needhaan
நீது,neethu,3,neethu
நீயே,neeyae,2,neeya
நீரேற்றம்,neeraetram,1,neereettram
நீரை,neerai,3,neerai
நீரைத்,neeraith,3,neeraith
நீரைப்,neeraip,3,neeraip
நீரையும்,neeraiyum,3,neeraiyum
நீரோ,neeroa,3,neero
நீரோடு,neeroadu,3,neeroadu
நீரோட்டங்கள்,neeroattanggal,1,neerottangkal
நீரோட்டத்தின்,neeroattaththin,3,neeroattaththin
நீரோட்டத்தில்,neeroattaththil,3,neeroattaththil
நீரோட்டம்,neerroattam,2,neeroottam
நீர்மட்டம்,neermattam,3,neermattam
நீர்வள,neervala,3,neervala
நீர்வளம்,neervalam,3,neervalam
நுண்,nun,3,nun
நுண்மை,nunmai,3,nunmai
நுரையீரலின்,nuraiyeeralin,2,nuraiyeeralin
நுரையீரலில்,nuraiyeeralil,2,nuraiyeralil
நுரையீரல்,nuraiyeeral,2,nuraiyeral
நுழைந்த,nulainththa,1,nuzhaintha
நுழைந்ததால்,nulainthathaal,1,nuzhainthathaal
நுழைந்தது,nulainthathu,1,nuzhainthathu
நுழைந்ததும்,nulainththathum,1,nuzhainthathum
நுழைந்தன,nulainthana,1,nuzhainthana
நுழைந்தனர்,nulainththanar,1,nuzhainthanar
நுழைந்தபோது,nulainthapoathu,1,nuzhainthoapathu
நுழைந்தார்,nulainththaar,1,nuzhainthaar
நூற்றியெட்டு,nootriyettu,1,nootrtriyettu
நூலக,noolaga,2,noolaga
நூலகங்களில்,noolagangalil,2,noolakangalil
நூலகங்கள்,noolagangal,2,noolagangal
நூலகத்,noolagath,2,noolakath
நூலகத்திற்கு,noolagaththirku,2,noolakaththirku
நூலகத்தில்,noolagaththil,2,noolakaththil
நூலகத்தை,noolagaththai,2,noolakaththai
நூலகமும்,noolagamum,2,noolagamum
நூலும்,noolum,3,noolum
நூலே,noolae,2,noolae
நெடுஞ்சேரலாதன்,neduncheralathan,1,nedunerasalathan
நெறிப்படுத்தும்,nerippaduththum,3,nerippaduththum
நெற்றி,netri,2,netrtri
நெற்றிப்,netrip,2,netrip
நெல்சன்,nelsan,3,nelchan
நேயர்கள்,naeyargal,1,neyargal
நேரிட்டது,nerittathu,2,nerittathu
நேரிட்டால்,nerittaal,2,nerittaal
நொய்டா,noida,3,noyta
நோக்கி,nokki,2,noaki
நோக்கித்,noakkith,3,nokith
நோக்கிப்,nokkip,2,nokip
நோக்கியே,nokkiye,2,nokkiya
நோக்கில்,nokkil,2,nokil
நோயினை,noyinai,3,nooyinai
நோய்த்தொற்று,noaiththotru,1,noyththotru
பகடை,pagadai,3,pagadai
பகா,pakaa,2,baga
பகீரதன்,bhageerathan,1,bakeerathan
பகுதியைத்,pakuthiyaith,3,paguthiyaith
பகுப்பாய்வு,paguppaaivu,1,pakuppaiyu
பங்குதாரர்,pangkuthaarar,1,panguthaarar
பங்குதாரர்களாக,panguthaarargalaaga,1,pangutharaagalaaga
பங்குதாரர்களின்,bangkuthaararkalin,1,pangutharaakarin
பங்குதாரர்கள்,bangkuthaararkal,1,panguthaararkal
பசுக்களின்,pasukkalin,3,pachukkalin
பசுக்களில்,pasukkalil,3,pasukkalil
பசுக்கள்,pasukkal,3,pachukal
படங்களின்,padangalin,1,padangalin
படங்களிலும்,padangalilum,1,padangalilum
படங்களுக்கும்,padangalukkum,2,padangalukkum
படங்களுடன்,padangaludan,2,padangkaludan
படப்பிடிப்பு,padappidippu,3,padappittippu
படப்பிடிப்புகள்,padappidippukal,2,padappidippukal
படர்ந்து,padarndhu,1,padarnthu
படல,padala,3,padala
படலங்கள்,padalangal,2,padalangal
படலத்தில்,padalaththil,3,padalaththil
படிகளின்,padikalin,2,padigalin
படிகள்,padikal,2,padikal
படிக்கு,padikku,3,padikku
படிக்கும்,polutu,3,padikkum
படிதல்,padithal,3,padithal
படிநிலை,padinilai,3,padinilai
படிநிலைகளில்,padinilaikalil,2,padinilaigalil
படிப்பை,padippai,3,padippai
படிப்பைத்,padippaith,3,padippaith
படிப்பையும்,padippaiyum,3,padippaiyum
படிமங்களை,padimangalai,2,padimangalai
படிமத்தின்,padimaththin,2,padimaththin
படிமம்,padimam,3,padimam
படியில்,padiyil,3,padiyil
படுத்திய,paduththiya,2,paduththiya
படுத்தியது,paduthiyathu,1,paduththiyathu
படுத்தியுள்ளது,paduththiyullathu,2,paduththiyullathu
படைத்தது,padaithathu,2,padaiththathu
படைத்தனர்,padaithanar,2,padaiththanar
படைத்தளபதி,padaithalapathi,2,padaithalathaip
படைத்தான்,padaiththaan,2,padaiththaan
படைத்து,padaiththu,2,padaiththu
படைப்பாக்க,padaipaka,2,padaippaaka
படையினரும்,padaiyinarum,3,padaiyinarum
பட்டது,pattathu,3,pattathu
பணயக்,panayak,3,panayak
பணிகளின்,panigalin,3,panikalin
பணிகளுக்கு,panigalukku,3,panikalukku
பணிகளுக்குப்,panigalukkup,3,panigalukkup
பணிகளுக்கும்,panigalukkum,3,panikalukkum
பணிகளும்,panigalum,3,panigalum
பணிகளை,panigalai,3,panikalai
பணிகளைப்,panigalaip,3,panikalaip
பணிகளையும்,panigalaiyum,3,panikalaiyum
பணிகள்,panigal,3,panikal
பணிக்கான,panikkaana,3,panikkaana
பணித்தான்,paniththaan,2,paniththaan
பணிமனை,panimanai,3,panimanai
பணியானது,paniyaanathu,2,paniyaanathu
பணியின்,paniyin,3,paniyin
பணியிலிருந்து,paniyilirunthu,2,paniyilirunthu
பணியிலும்,paniyilum,3,paniyilum
பணியும்,paniyum,3,paniyum
பண்பாடு,panpaadu,3,panpaadu
பண்பாடுகளின்,panbaadugalin,1,panpaadugalin
பண்பாடும்,panpaadum,2,panpaadum
பதிக்கப்பட்ட,pathikkappatta,2,pathikkappatta
பதினேழாம்,padhinaezhyaam,1,pathineelaam
பதினோராவது,padhinoaraavadhu,1,pathinoaraavathu
பதிப்பித்த,padhippiththa,1,pathippiththa
பதிப்பித்துள்ளார்,padhippiththullaar,1,pathippiththullaar
பதுளையில்,pathulaiyil,2,pathulaiyil
பத்தாண்டு,paththaandu,3,paththaandu
பத்தாண்டுகளாக,paththaandukalaaka,2,paththaandukalaaka
பத்தாண்டுகளில்,paththaandukalil,2,paththaandugalil
பத்தாண்டுகள்,paththaandukal,2,paththaandukal
பத்மநாபன்,pathmanaaban,2,pathamanaap
பந்தியில்,pandhiyil,2,panthiyil
பனிமலை,panimalai,3,panimalai
பன்னிரண்டாம்,pannirendaam,2,pannirandaam
பன்னிரெண்டு,pannirendu,3,pannirendu
பன்றி,panri,2,pandri
பன்றிகளின்,pandrikalin,1,pandrigalin
பன்றிகளை,pandrikalai,1,pandrigalai
பன்றிகள்,pandrikal,1,pandrigal
பன்றியின்,panriyin,2,pandriyin
பம்பரம்,bambaram,1,pambaram
பம்ப்,pump,6,bamb
பயணமானார்,payanamaanaar,3,payanamaanaar
பயணித்து,payaniththu,3,payaniththu
பயன்படுத்தவில்லை,payanpaduththavillai,3,payanpaduththavillai
பயன்படுத்துவதை,payanpaduththuvathai,3,payanpaduththuvathai
பயிர்,payir,3,payir
பயிர்களின்,payirgalin,2,payirkalin
பயிர்களில்,payirgalil,2,payirkalil
பயிர்களுக்கு,payirgalukku,2,payirkalukku
பயிர்களும்,payirgalum,2,payirkalum
பயிர்களைத்,payirkalaith,2,payirkalaith
பயிர்ச்,payirch,2,payirch
பயில்வான்,payilvaan,2,payilvaan
பரதேசி,barathaechi,1,parathesi
பரப்பளவை,parappalavai,2,parappalavai
பரப்புரை,parappurai,3,parappurai
பரப்புரைகளை,parappuraigalai,2,parappuraikalai
பரிசோதித்து,parisoathiththu,3,parisoathithu
பரிமாற்றத்தில்,parimaattraththil,2,parimaattraththil
பரிமாற்றத்தை,parimaattraththai,2,parimaarththathai
பரிமாற்றமும்,parimaattramum,2,parimaartramum
பருமனால்,parumanaal,3,parumaanal
பருமன்,paruman,3,paruman
பர்னாலா,parnaalaa,3,parnaalaa
பறிக்க,parikka,3,parikka
பறிக்கும்,parikkum,3,parikkum
பலகைகள்,palakaikal,2,palakaikal
பலகையின்,palakaiyin,2,palakaiyin
பலகையில்,palagaiyil,2,palakaiyil
பலத்த,balaththa,2,palaththa
பலரிடம்,palaridam,3,palaridam
பலவாறாக,palavaaraaga,2,palavaaraaka
பலியிடுதல்,paliyiduthal,3,paliyiduthal
பலியிடுவது,paliyiduvathu,3,paliyiduvathu
பல்லவர்கள்,pallavargal,3,pallavargal
பல்லும்,pallum,3,pallum
பளு,palu,3,palu
பழநி,pazhani,5,pazhani
பழு,pazhu,3,pazhu
பழுவேட்டரையர்,pazhuvettaraiyar,2,pazhuvattairai
பவி,pavi,3,bavi
பவுலா,paula,1,pavulaa
பாகிஸ்தானுக்கு,pakistanukku,2,paakisthanukku
பாகுபாடு,paagupaadu,2,paakupaadu
பாகுபாடும்,paakupaadum,2,paakudaapum
பாக்யராஜ்,baacyaraaj,1,paakaraaj
பாங்காக்,bangkok,3,paangaak
பாண்டவர்களில்,paandavarkalil,2,paandavarkalil
பாண்டவர்களுக்கும்,paandavarkalukkum,2,paandavarkalukkum
பாண்டவர்களும்,paandavarkalum,2,paandavarkalum
பாண்டவர்களை,paandavarkalai,2,paandavargalai
பாண்டவர்கள்,paandavarkal,2,paandavargal
பாதகத்தை,paathakaththai,3,paathakaththai
பாதிப்,paathip,3,paathip
பாதியாக,paathiyaaka,2,paathiyaaka
பாதியில்,paathiyil,2,paathiyil
பாதை,paathai,3,paathai
பாதைகளின்,paathaikalin,3,paathaikalin
பாதைகளும்,paathaikalum,3,paathaigalum
பாதைகளை,paathaikalai,3,paathaikalai
பாதைக்கு,paathaikku,2,paathaikku
பாதையில்,paathaiyil,3,paathaiyil
பாதையை,paathaiyai,3,paathaiyai
பாதையைக்,paathaiyaik,3,paathaiyaik
பாதையைப்,paathaiyaip,3,paathaiyaip
பானங்கள்,baanangkal,2,paanangal
பானத்தில்,baanaththil,3,paanaththil
பானத்தை,baanaththai,3,paanaththai
பானம்,baanam,3,paanam
பாபாவின்,baabaavin,3,paavaaipin
பாபேல்,babeel,1,baabel
பாரதிய,baarathiya,2,paarathiya
பாரதியார்,baarathiyaar,2,paarathiyaar
பாரிய,paariya,3,paariya
பாரியளவிலான,paariyalavilaana,3,paariyalavilaana
பாரு,paaru,3,paaru
பார்க்கும்,paarkkum,3,paarkkum
பாலும்,paalum,3,paalum
பாலுறவு,paaluravu,3,paaluravu
பாலூட்டி,paalootti,2,palootti
பாலூட்டிகளில்,paaloottigalil,2,polottikalil
பாலூட்டிகள்,paaloottigal,2,palottikal
பாழ்,paazh,2,paal
பாவ,paava,3,paava
பாவங்களுக்கு,paavangalukku,2,paavangalukku
பாவங்கள்,paavangal,2,paavangal
பாவனை,paavanai,2,paavanai
பாவனையில்,paavanaiyil,2,paavanaiyil
பிசின்,pisin,2,pichin
பித்தப்பை,piththappai,2,piththappai
பிந்து,bindhu,3,pindhu
பின்புற,pinpura,2,pinpura
பின்புறமாக,pinpuramaaga,2,pinpuramaaga
பின்வாங்கினார்,pinvaanginaar,3,pinvaanikkaar
பியார்,pigmees,1,piyar
பிரசார,pirasaara,2,pirasaara
பிரசாரம்,pirachaaram,2,pirasaaram
பிரசுரங்கள்,pirachurankal,1,pirasurangal
பிரசுரம்,pirasuram,2,pirasuram
பிரதானப்,pirathaanap,2,pirathaanap
பிரதானமாக,pirathaanamaaka,2,pirathanamaaka
பிரதானமான,pirathaanamaana,2,pirathaanamaana
பிரத்யேகமாக,piraththiyaekamaaka,1,pirathiyamaaka
பிரத்யேகமான,piraththiyaekamaana,1,pirathayamakana
பிரபு,cankar,3,pirapu
பிரபுக்கள்,prabukkal,3,pirapukal
பிரபுவின்,prabuvin,2,pirapuvin
பிரம்ம,brahma,2,piramma
பிரம்மத்தை,pirammaththai,3,pirammaththai
பிரம்மனை,pirammanai,3,pirammanai
பிரம்மம்,pirammam,3,pirammam
பிரவீன்,piraveen,3,praveen
பிரவேச,piravaesa,2,piravaesa
பிராமணர்களும்,braamanarkalum,2,piraamanarkalum
பிரித்த,piriththa,2,piriththa
பிரித்தனர்,piriththanar,2,piriththanar
பிரித்தார்,piriththaar,2,piriththaar
பிரிவினரே,pirivinarae,3,privinaera
பிரேமா,piraemaa,2,preema
பிரேம்,prem,4,pram
பிற,talankalil,3,pira
பிறந்ததாக,piranthathaaka,2,piranthathaaga
பிறந்ததால்,piranthathaal,2,piranthathaal
பிறந்தது,piranthathu,2,piranthathu
பிறந்தன,piranthana,2,piranthana
பிறந்தனர்,piranthanar,2,piranthanar
பிறந்தபோது,pirandhapoadhu,1,piranthapoathu
பிறந்தவுடன்,piranthavudan,3,piranththavudan
பிறந்தவை,piranthavai,3,piranthavai
பிறந்து,vittal,4,piranthu
பிறந்துள்ளது,piranthullathu,2,piranthullathu
பிறப்பை,pirappai,3,pirappai
பிறருக்கு,pirarukku,3,pirarukku
பிறரோடு,piraroadu,2,piraaroodu
பிற்கால,pirkaala,3,pirkaala
பிற்காலங்களில்,pirkaalangkalil,2,pirkaalangalil
பிற்காலத்து,pirkaalaththu,3,pirkaalaththu
பிலே,pilae,3,pilae
பிளாக்பெர்ரி,blackberry,3,plaakperri
பிளாண்ட்,pilaanet,1,plaand
பிழை,pilai,2,pizhai
பிழைகளை,pilaikalai,2,pilaigalai
பிழைகள்,pilaikal,2,pilaikal
பிழையாக,pilaiyaaka,2,pilaiyaaka
பீ,bee,4,pii
பீட்டி,beatti,1,beetti
பீட்டில்ஸ்,beatlej,1,peettils
பீபி,beepi,1,bibi
பீரிஸ்,peeris,3,beris
புகழ்பெற்ற,pugalpetrtra,1,pukalitra
புகழ்பெற்றவை,pugalpetrtravai,1,pukalpatravar
புகழ்பெற்றார்,pugalpetrtraar,1,pukalthepatrar
புகாரில்,pukaaril,3,pugaaril
புதுசு,puthusu,2,puthusu
புதுச்சேரி,puthuchchaeri,2,puthusarsey
புதுச்சேரியில்,puthuchchaeriyil,2,puthuchchariyil
புதுச்சேரியை,puthuchchaeriyai,2,puthuchcharaiyai
புதுமை,pudhumai,3,puthumai
புதுமைகளை,pudhumaigalai,3,puthumaigalai
புதுமைகள்,pudhumaigal,3,puthumaigal
புதுவையில்,pudhuvaiyil,3,pudhuvaiyil
புதுவையை,pudhuvaiyai,3,pudhuvaiyai
புதைத்து,pudhaiththu,2,pudhaiththu
புத்தரின்,buddharin,1,puththarin
புத்தாண்டுப்,puththaandup,3,puththaandup
புனிதர்,punithar,2,punithar
புனிதர்கள்,punitharkal,2,punitharkal
புனைந்து,punaindhu,3,punainthu
புரட்சிகர,puratchigara,2,puratchikara
புரிகின்றன,purigindrana,1,purikindrana
புரிகின்றனர்,puriginaranar,1,purikindranar
புரிதல்,puridhal,2,purithal
புரிந்தும்,purindhum,2,purindhum
புரிவது,purivathu,2,purivathu
புறா,puraa,3,puraa
புறாக்கள்,puraakkal,3,puraakkal
புறாவின்,puraavin,3,puraavin
புற்று,noyaka,3,puttru
புலம்பி,pulambi,3,pulambi
புலம்பெயர்ந்து,pulampeyarnthu,3,pulambeyanththu
புலவர்,pulavar,3,pulavar
புலவர்களை,pulavargalai,2,pulavargalai
புலவர்கள்,pulavargal,2,pulavarkal
புவி,eerppu,3,puvi
புவியீர்ப்பு,puviyeerppu,3,puviyerrpu
புவியை,puviyai,3,puviyai
பூங்குழலி,poongulali,2,puungkulali
பூச்சு,poochchu,2,puuchchu
பூச்சுகள்,poochchugal,1,puuchchukal
பூடான்,bhutan,2,puudaan
பூட்,boaut,1,puut
பூநகரியில்,poonagariyil,2,puunagariyil
பூனா,poonaa,2,puuna
பூனை,poonai,2,puunai
பூனையின்,poonaiyin,3,puunaiyin
பெக்கி,paekki,2,beki
பெண்ணுக்கும்,pennukkum,3,pennukkum
பெயரால்,peyaraal,3,peyaraal
பெயரினை,peyarinai,3,peyarinai
பெயரின்,peyarin,3,peyarin
பெயரிலும்,peyarilum,3,peyarilum
பெயரோ,peyaro,1,peyaro
பெரியதாக,periyathaaka,2,periyathaaga
பெரியதாகவும்,periyathaakavum,2,periyathaakavum
பெரியது,periyathu,2,periyathu
பெரியதும்,periyathum,2,periyathum
பெரியர்,periyar,3,periyar
பெரியவராக,periyavaraaga,2,periyavaraaka
பெரியாரின்,periyaarin,2,periyaarin
பெரியாருக்கு,periyaarukku,2,periyaarukku
பெருகியது,perugiyathu,2,perukiyathu
பெறுதல்,peruthal,3,peruthal
பெறுவதற்காக,peruvatharkaaka,2,peruvatharkaaka
பெறுவதற்காகவும்,peruvatharkaagavum,2,peruvatharkavaakum
பெற்றுத்தந்தது,petrtruththanththathu,1,petrtruththanthathu
பெளர்ணமி,baurnami,1,pelranmai
பேக்,pack,1,bek
பேசுபவர்கள்,paesubavargal,2,pesupavarkal
பேத்தி,paeththi,1,peththi
பேராசிரியரும்,bearaasiriyarum,1,paaraasiriyarum
பை,pai,4,pai
பைகளில்,paikalil,3,paikalil
பைகள்,paikal,3,paigal
பைதான்,paitan,1,paithaan
பைபிள்,bible,2,pibil
பையனை,paiyanai,3,paiyanai
பையின்,paiyin,3,paiyin
பையில்,paiyil,3,payil
பொங்கு,pongku,2,pongu
பொங்கும்,pongkum,2,pongkum
பொட்டு,pottu,3,pottu
பொதுமை,pothumai,2,podhumai
பொன்னையும்,ponnaiyum,3,ponnaiyum
பொரித்து,poriththu,3,poriththu
பொருத்தப்பட்டன,poruththappattana,3,poruththappattana
பொருத்தப்பட்டிருக்கும்,poruththappattirukkum,3,poruththappattirukkum
பொருந்த,porundha,1,poruntha
பொருந்தவில்லை,porundhavillai,1,porunththavillai
பொருளாக,porulaaka,2,porulaaga
பொருளாகவும்,porulaakavum,2,porulaagavum
பொருளாகும்,porulaakum,2,porulaagum
பொறாமை,poraamai,3,poaramai
பொறாமையின்,poraamaiyin,3,poramaiyin
பொறிமுறை,porimurai,3,porimurai
பொறுத்தது,poruththathu,2,poruththathu
பொறுப்பேற்ற,poruppaettra,1,poruppetra
பொறுப்பேற்றது,porupeattradhu,1,poruppetrathu
பொறுப்பேற்று,poruppaettru,1,poruppetru
பொலனறுவை,polanaruvai,2,polanaruvai
பொழுதுபோக்காக,poluthupokkaaka,1,pozhuthupoakkaaga
பொழுதுபோக்கு,poluthupokku,1,pozhuthupookku
பொழுதும்,poluthum,2,pozhuthum
போக,poaga,2,poaka
போகப்,poagap,3,poagap
போகி,bhogi,2,poagi
போகிறேன்,poagiraen,2,poagiraen
போகும்போது,poagumpoathu,2,poakumpoathu
போக்குவரத்தில்,poakkuvaraththil,3,poakkuvaraththil
போக்குவரத்தை,poakkuvaraththai,3,poakkuvaraththai
போட்,boat,3,poot
போட்டி,poatti,3,poatti
போட்டிகளை,poattigalai,3,poattikalai
போட்டிக்,poattik,3,poattik
போட்டிக்காக,poattikkaaga,3,poattikkaaka
போட்டிக்கான,poattikkaana,3,poattikkaana
போட்டியான,poattiyaana,3,poattiyaana
போட்டியானது,poattiyaanathu,2,poattiyaanathu
போட்டியாளர்,poattiyaalar,2,poattiyaalar
போட்டியாளர்கள்,poattiyaalarkal,2,poattiyaalargal
போட்டியின்,poattiyin,3,poattiyin
போட்டியிலும்,poattiyilum,3,poattiyilum
போட்டியில்,poattiyil,3,poattiyil
போட்டில்,boattil,3,poattil
போன்ற,poandra,1,poandra
போயினர்,poayinar,2,poayinar
போரான்,poaraan,2,poaraan
போர்த்துக்கேயர்,poarththukkaeyar,1,poarththukkeeraa
போல,poala,2,poola
போலத்,polath,2,poalath
போலவும்,poalavum,2,poalavum
போலவோ,poalavoa,2,poalovo
போலா,bola,1,pola
போவது,poavathu,2,poavathu
போவதும்,poavathum,2,poavathum
ப்ரோ,bro,3,puro
மகத,magatha,3,magatha
மகளைத்,magalaith,3,makalaith
மகா,magaa,3,maga
மகாதேவி,makaathaevi,2,magaathevi
மகாயான,mahaaiana,1,magaayaana
மகாலட்சுமி,magaalatchumi,2,makaalatchumi
மகாவீரர்,magaaveerar,2,magaavaerar
மகாவீர்,magaaveer,2,magaaveer
மகிழுந்து,magilnthu,1,magizhundhu
மகிழ்ச்சி,magilchchi,1,makizhchi
மகிழ்ச்சியாக,makilchchiyaaka,2,magizhchchiyaaga
மகிழ்ச்சியான,makilchchiyaana,2,magizhchiyana
மகிழ்ச்சியில்,makilchchiyil,2,magizhchchiyil
மகிழ்ச்சியுடன்,makilchchiyudan,2,magizhchiyudan
மகிழ்ச்சியும்,makilchchiyum,2,magizhchiyum
மகேசன்,mahesan,2,magaesan
மகேஷ்,mahesh,3,magesh
மசூதிக்கு,masoothikku,2,masoothikku
மசூதியின்,masoothiyin,2,masuthiyin
மசூதியை,masoothiyai,2,masoothiyai
மஞ்சுளா,manjula,2,manjjola
மணமாகாத,manamaagaatha,2,manamaagaatha
மணிநேரமும்,maninaeramum,2,maninaeramum
மணியம்,maniyam,3,maniyam
மண்டல்,mandal,4,mandal
மதிப்பாக,mathippaaga,2,mathippaaga
மதிப்பீட்டை,mathippeettai,3,mathippeettai
மத்திய,maththiya,2,maththiya
மத்தியதரைக்,madhdhiyatharaik,2,maththiyatharaik
மத்தியப்,pirateca,3,maththiyap
மந்த,mandha,2,mantha
மந்தமான,manthamaana,2,mandhamaana
மந்தம்,mantham,2,mantham
மனிதரை,manitharai,3,manitharai
மனை,manai,3,manai
மனைகள்,manaikal,2,manaikal
மனைக்கு,manaikku,3,manaikku
மரக்கட்டைகள்,marakkattaikal,2,marakkattaikal
மரபினர்,marabinar,3,marapinar
மரவள்ளிக்,maravallik,2,maravallaik
மருத்துவமனை,maruththuvamanai,3,maruththuvanamai
மருத்துவமனைகளில்,maruththuvamanaikalil,3,maruththuvanamaikalil
மருத்துவமனைகளும்,maruththuvamanaikalum,3,maruththavamanugalaium
மருத்துவமனைகள்,maruththuvamanaikal,3,maruththuvanamaikal
மருத்துவமனையை,maruththuvamanaiyai,3,maruththuvamaiyai
மருந்தின்,marunthin,3,marunthin
மருந்தில்,marunthil,3,marunthil
மரை,marai,3,marai
மரைனர்,marainr,1,maranair
மரைன்,marain,3,marain
மறுக்க,marukka,3,marukka
மறுக்கப்பட்டு,marukkappattu,3,marukkappattu
மறுக்கவே,marukkavae,3,marukkavae
மறுத்து,vittaarkal,3,maruththu
மற்றவர்களிடம்,matravargalidam,1,mattravarkaladim
மற்றவர்களின்,matravargalin,1,mattravargalin
மற்றவர்களும்,matravargalum,1,mattravarkalum
மற்றவர்களைத்,matravargalaith,1,matrtravarkalaith
மற்றவர்களையும்,matravargalaiyum,1,mattravargalaiyum
மற்றவர்கள்,matravargal,1,matrtravarkal
மலரே,malarae,3,malaree
மலரையும்,malaraiyum,3,malaraiyum
மலர்களில்,malargalil,2,malargalil
மலர்களைக்,malarkalaik,2,malarkalaik
மலர்களைத்,malarkalaith,2,malarkalaith
மலர்களையும்,malarkalaiyum,2,malarkalaiyum
மலர்மாலை,malarmaalai,3,malarmalaa
மலையடிவார,malaiyadivaara,3,malaiyadivara
மலையடிவாரத்தில்,malaiyadivaaraththil,3,malaiyadavitharkal
மாடன்,maadan,3,madan
மாணிக்க,maanikka,2,maanikka
மாணிக்கம்,maanikkam,2,maanikkam
மாதுளை,maadhulai,2,maathulai
மாரா,maara,1,maaraa
மார்பை,maarbai,2,maarbai
மாறாக,maaraaga,2,maaraaga
மாற்றமடையும்,maattramadaiyum,2,maattramadaiyum
மாற்றுத்,tiranalikalukkana,3,maatruth
மாற்றுப்,maattrup,3,maattrup
மாற்றுவதை,maatruvathai,1,maatruvathai
மாலி,maali,4,mali
மாலிக்,maalik,2,malic
மாலை,maalai,3,maalai
மாலைகள்,maalaigal,2,maalaigal
மாலைப்,polutil,3,maalaip
மாலையும்,maalaiyum,3,maalaiyum
மாலையை,maalaiyai,3,maalaiyai
மாளிகைக்கு,maalikaikku,2,maalikaikku
மாளிகையிலிருந்து,maalikaiyilirunthu,2,maaliyaliyirundhu
மாளிகையில்,maalikaiyil,2,maalikaiyil
மாஸ்கோவின்,maaskoavin,2,maaskovin
மிக்கதாகவும்,mikkathaakavum,2,mikkathaagavum
மிக்கது,mikkathu,2,mikkathu
மிக்கவன்,mikkavan,3,mikkavan
மிக்கவராக,mikkavaraaka,2,mikkavaraaga
மிக்கவர்,mikkavar,3,mikkavar
மிக்கவர்கள்,mikkavarkal,2,mikkavarkal
மிக்கவை,mikkavai,3,mikkavai
மிக்கி,mikki,2,mikii
மித்திரன்,miththiran,3,miththiran
மிஷன்,mesion,1,mishna
மீனவர்,meenavar,3,meenavar
மீனவர்களுக்கு,meenavargalukku,1,meevanarkalukku
மீன்,pidikka,3,mein
மீன்களின்,meengalin,2,meengalin
மீன்களுக்கு,meengalukku,2,mengalukku
மீன்களையும்,meenkalaiyum,2,meengalaiyum
முகத்துவாரத்தில்,mugaththuvaaraththil,3,mukaththuvaaraththil
முகத்துவாரம்,mugaththuvaaram,3,mugaththuvaraam
முகமாக,mugamaaka,2,mugamaaka
முகமாகவும்,mugamaakavum,2,mugaamaagavum
முகம்மது,mugammathu,2,mugammathu
முகைதீன்,mugaitheen,2,mugaitheen
முக்தா,mukthaa,3,mukthaa
முக்தி,mukthi,3,mukthi
முசுலீம்,musuleem,3,musuleem
முடிந்தது,mudindhdhathu,1,mudinthathu
முடிந்ததும்,mudindhdhathum,1,mudinthathum
முடிந்தபோது,mudinthapoathu,2,mudinthapoathu
முடிந்தவுடன்,mudinthavudan,2,mudinthuvatan
முடிந்தாலும்,mudinthaalum,2,mudinthaalum
முடிந்தால்,mudinthaal,2,mudinthaal
முடிப்பு,mudippu,3,mudippu
முடியுடை,mudiyudai,3,mudiyadu
முடிவிற்கு,mudivirku,3,mudivirku
முடிவிலா,mudivilaa,3,mudivilaa
முடிவில்,mudivil,3,mudivil
முதலிய,muthaliya,3,muthaliya
முதலியன,muthaliyana,3,muthaliyana
முதலியனவும்,muthaliyanavum,3,muthaliyanavum
முதலியவர்கள்,muthaliyavargal,3,muthaliyavarkal
முதலியோர்,muthaliyoar,2,muthaliyoor
முத்த,muththa,3,muththa
முத்தை,muththai,3,muththai
முத்தையா,muththaiyaa,2,muththaiyaa
முந்தி,munthi,2,mundhi
முன்னணிக்கு,munnanikku,2,munnanikku
முன்னணியின்,munnaniyin,3,munnaniyin
முன்னணியை,munnaniyai,3,munnaniyai
முன்னுதாரணமாக,munnuthaaranamaaka,3,munnathuraamanaaka
முன்னெடுக்க,munnedukka,3,munnedukka
முன்மாதிரி,munmaathiri,2,munmaathiri
முன்மாதிரியை,munmaathiriyai,2,munmaathiriyai
முன்வைத்தது,munvaiththathu,3,munvaiththathu
முன்வைத்தார்,munvaiththaar,3,munvaiththaar
முன்வைத்து,munvaiththu,3,munvaiththu
முன்வைத்துள்ளது,munvaiththullathu,3,munvaiththullathu
முப்பரிமாண,mupparimaana,3,mupparimaana
மும்முரமாக,mummuramaaka,3,mummarumaaga
முயன்றனர்,muyandranar,1,muyanarnar
முயன்றபோது,muyandrapoathu,1,muyanapoatru
முயன்றார்,muyandraar,1,muyantraar
முயன்றால்,muyandraal,1,muyantraal
முயன்றும்,muyanrum,2,muyantrum
முறைமைகளை,muraimaigalai,3,muraimaigalai
முறைமைகள்,muraimaigal,3,muraimaigal
முறைமைக்கு,muraimaikku,3,muraimaikku
முறைமையை,muraimaiyai,3,muraimaiyai
முற்பட்டது,murpattathu,3,murpattathu
முற்பட்டார்,murpattaar,3,murpattaar
முழங்க,mulangka,3,muzhanga
முழவு,mulavu,2,muzhuva
முஹம்மத்,muhammath,2,muhammath
மூக்கு,mookku,3,mookku
மூக்குக்,mookkuk,3,mookkuk
மூக்கும்,mookkum,3,mookkum
மூன்றரை,moondrarai,2,moondrarai
மூன்றாக,moondraaga,2,moondraaga
மூன்றாவதும்,moondraavathum,2,moondraavathum
மூன்றிலிருந்து,moondrilirundhu,1,moondrilirunthu
மூன்றே,moondrae,1,moondrae
மூர்த்தி,moorthi,2,moorththi
மூர்த்திகள்,moorthigal,1,moorththigal
மூர்த்தியாக,moorththiyaaga,2,moorththiyaaga
மூலக்கூறுகள்,moolakkoorugal,2,moolakkoolukar
மூலமோ,moolamoa,3,moolooma
மூலஸ்தானத்தில்,moolasthaanaththil,2,moolaasathanthalil
மூழ்கடிக்கப்பட்ட,moolgadikkappatta,1,moolkakikatpatta
மெட்டி,metti,3,metti
மேத்யூ,mathew,3,maethu
மேனி,maeni,3,maeni
மேனியை,maeniyai,3,maeniyai
மேனிலை,maenilai,3,maenilai
மேமன்,mamon,2,maeman
மேம்பாலப்,maembaalap,1,maempaalap
மேம்பாலம்,maembaalam,1,maempaalam
மேலவை,maelavai,3,maelavai
மேலவையில்,maelavaiyil,3,maelavaiyil
மேல்மருவத்தூர்,maelmaruvaththoor,3,maelmaruvaththoor
மைக்ரோசாப்ட்,microsoft,4,mikroastap
மையமாக,maiyamaaga,2,maiyamaaga
மையமாகக்,maiyamaagak,2,maiyamaakak
மையமாகவும்,maiyamaagavum,2,maiyamaagavum
மொச்சை,mochchai,3,moochchai
மொராக்கோ,morocco,2,morakkoo
மோசே,moasae,2,moasae
யாப்பிலக்கணம்,yaappilakkanam,3,yaappikalkangam
யாராவது,yaaraavathu,3,yaaraavathu
யாரிடமும்,yaaridamum,3,yaaridamum
யாரிடம்,yaaridam,3,yaaridam
யாரேனும்,yaaraenum,2,yaaraenum
யுனெஸ்கோ,unesco,3,uunesso
யுனெஸ்கோவின்,unescovin,2,uunusakvin
யூ,iooe,1,yoo
யூத்,youth,3,yooth
யூரி,yuri,3,yoori
யூரிக்,yoorik,2,yoorik
யெல்லாம்,yellaam,3,yellam
யோகத்தின்,yoakaththin,2,yoagaththin
யோகன்,yoakan,2,yoogan
யோகம்,yoakam,2,yoagam
யோக்கியமான,yoakkiyamaana,2,yokkiyamaana
யோசனைகள்,yoasanaigal,1,yoanasaikal
யோசனைக்கு,yoasanaikku,2,yoasanaikku
ரச,rasa,3,rasa
ரயில்கள்,railgal,2,railkal
ரஷ்யன்,rashyan,2,russan
ரஹ்மான்,rahman,4,ramsan
ராஜராஜனின்,raajaraajanin,2,raajajaranin
ராஜராஜன்,raajaraajan,2,rajajaraaj
ராணுவ,raanuva,3,raanuva
ராணுவத்,raanuvath,3,raanuvath
ராணுவத்திற்கு,raanuvaththirku,3,raanuvaththirku
ராணுவத்தில்,raanuvaththil,3,raanuvaththil
ராணுவத்தை,raanuvaththai,3,raanuvaththai
ராமச்சந்திரன்,raamachchanthiran,1,raamachchanthiran
ராமா,rama,3,rama
ராமாயணம்,ramayanam,2,raamayanam
ரிங்க்,ring,3,rink
ரிங்ஸ்,rings,3,rins
ரிசர்வ்,reserve,3,reser
ரிஷி,rishi,4,risii
ரிஷிகள்,rishikal,2,risichal
ரீதியிலும்,reethiyilum,3,reethiyilum
ரீதியில்,reethiyil,3,reethiyil
ரூபவாஹினி,roopavaahini,2,roobavanii
ரேக்ளா,raeklaa,2,rekla
ரேஞ்ச்,raench,2,raench
ரேடார்,radar,4,radar
ரேண்டம்,random,2,raendam
ரேண்ட்,raaend,1,raend
ரோடு,roadu,3,roodu
ரோம்,roam,3,roum
ரோவர்,roavar,3,roavar
லசித்,lasith,3,lasit
லட்சணம்,latchanam,3,latchanam
லட்சுமி,lakchhami,1,latchumi
லட்சுமியின்,latchumiyin,2,latchumiyin
லட்டு,laddu,2,lattu
லண்டனில்,landanil,3,landanil
லத்தீன்,laththeen,3,latheen
லலிதா,lalithaa,3,lalitha
லாஜிக்,logic,3,laajik
லாபத்தை,laabaththai,3,laapaththai
லிண்டா,linda,3,linda
லினக்ஸ்,linux,3,linaks
லிவர்பூல்,liverpool,4,livarpool
லீக்கின்,leaguein,1,leekkin
லூதியானா,loodhana,1,loothiyaana
லெட்சுமி,letchumi,2,letchumi
லேசான,laesaana,3,laesaana
லேனா,laenaa,3,laena
லோகியா,loakiyaa,3,loakiyaa
வகுத்த,vaguththa,2,vaguththa
வகுத்தது,vaguththadhu,1,vaguththathu
வகுத்தல்,vaguththal,2,vaguththal
வகுத்தார்,vaguththaar,2,vaguththaar
வகுத்தால்,vaguththaal,2,vakuththaal
வக்கீல்,vakkeel,3,vakkel
வங்கதேசத்தின்,vangadhaesaththin,1,vangathaeththan
வங்கதேசம்,vangadhaesam,1,vangathasas
வசித்தனர்,vasiththanar,3,vasiththanar
வஞ்சி,vanji,2,vanchi
வடநாட்டில்,vadanaattil,3,vadanattil
வடபுறம்,vadapuram,3,vadapuram
வடமேற்கில்,vadamaerkil,3,vadamerkil
வடிகால்,vadikaal,2,vadikaal
வடிக்கப்பட்ட,vadikkappatta,2,vadikkappatta
வட்டியை,vattiyai,3,vattiyai
வணிகர்களின்,vanikarkalin,3,vanigargalin
வணிகர்களும்,vanikarkalum,3,vanikarkalum
வணிகர்கள்,vanikarkal,3,vanikarkal
வதம்,vatham,3,vatham
வந்தனர்,vanthanar,2,vanthanar
வந்தியத்தேவன்,vanthiyaththaevan,2,vanthiyaththeevan
வன்புணர்வு,vanpunarvu,3,vannuvaru
வம்சத்தில்,vamsaththil,3,vamsaththil
வம்சத்தை,vamsaththai,3,vamsaththai
வயதின்,vayathin,3,vayathin
வரதன்,varathan,2,varathan
வரதம்,varatham,2,varatham
வரப்போகும்,varappoagum,2,varappoakum
வரலாம்,varalaam,3,varalaam
வரலாற்றுச்,varalaattruch,3,varalaattruch
வரலாற்றுத்,varalaattruth,3,varalaattruth
வரவால்,varavaal,3,varavaal
வரவிருக்கும்,varavirukkum,3,varavirukkum
வராக,varaaga,2,varaaga
வரி,vari,3,vari
வரிகளை,varikalai,2,varigalai
வரிகள்,varikal,2,varigal
வரியில்,variyil,3,variyil
வரியை,variyai,3,variyai
வருடி,varudi,3,varudi
வருவாய்,varuvaai,2,varuvaay
வருவாய்த்,varuvaaith,3,varuvaayth
வரைகூட,varaikooda,2,varaikooda
வலசை,valasai,3,valachai
வலிமையான,valimaiyaana,3,valimaiyaana
வல்லரசு,vallarasu,3,vallarasu
வளத்தையும்,valaththaiyum,3,valaththaiyum
வளைகுடா,valaikudaa,3,valaikudaa
வளைகுடாவில்,valaikudaavil,3,valaikaduvail
வழக்கு,valakku,4,vazhakku
வழக்குகளில்,valakkugalil,2,vazhakkukalil
வழக்குகளுக்கு,valakkukalukku,2,vazhakkalukkuku
வழக்குகளும்,valakkugalum,2,vazhakkulakum
வழக்குகளையும்,valakkugalaiyum,2,vazhakkulaikalum
வழக்குப்,valakkup,2,vazhakkup
வழக்குரை,valakkurai,2,vazhakkurai
வழங்கப்படாமல்,valangappadaamal,1,vazhangkappadaalam
வழங்கப்படுவது,valangappaduvathu,1,vazhangkappaduvathu
வழங்கள்,valangkal,2,vazhangkal
வழங்குநர்,valangkunar,1,vazhangkunar
வழங்குவதுடன்,vazhangkuvathudan,2,vazhangkuvathudan
வழங்குவதை,vazhangkuvathai,2,vazhangkuvathai
வழிகாட்டு,vazhikaattu,2,vazhikaattu
வழிகாட்டும்,vazhikaattum,2,vazhikaattum
வழித்தோன்றல்,vazhiththoantral,2,vazhiththoandral
வழித்தோன்றல்கள்,valiththoanralkal,1,vazhiththoandralgal
வழிநடத்தி,vazhinadaththi,2,vazhinadaththi
வழிநடத்தினார்,vazhinadaththinaar,2,vazhinaththinaar
வழிநடத்தும்,vazhinadaththum,2,valinaththadum
வழுக்கு,vazhukku,2,vazhukku
வவுனியா,vavuniyaa,3,vanuviaa
வாகனங்களின்,vaakanangkalin,2,vaaganangalin
வாகனங்களுக்கு,vaakanangkalukku,2,vaaganangalukku
வாகனங்களைக்,vaakanangkalaik,2,vaaganangalaik
வாகனங்களையும்,vaakanangkalaiyum,2,vaaganangalaiyum
வாகனத்தை,vaaganaththai,2,vaaganaththai
வாகனமாக,vaaganamaaga,1,vaaganamaaga
வாகனம்,vaaganam,2,vaaganam
வாங்க,pecalam,3,vaanga
வாங்கப்படும்,vaangappadum,1,vaangkappadum
வாங்கப்பட்டு,vaangappattu,1,vaangkappattu
வாங்கவும்,vaanggavum,2,vaanggavum
வாங்குதல்,vaangguthal,2,vaanguthal
வாங்கும்,vaanggum,3,vaangkum
வாசிப்பதில்,vaasippathil,3,vaasippathil
வாசிப்பது,vaasippathu,3,vaasippathu
வாசிப்பவர்,vaasippavar,3,vaasippavar
வாடிய,vaadiya,3,vaadiya
வாட்டர்,vaater,1,vattar
வாட்டர்ஸ்,waters,3,vattors
வாதிட்டது,vaathittathu,3,vaathittathu
வாதிட்டார்,vaathittaar,3,vaathittaar
வாதிட்டு,vaathittu,3,vaathittu
வாயிலாகவும்,vaayilaagavum,3,vaayilaagavum
வாலின்,vaalin,3,vaalin
வாழ்வது,vaazhvathu,3,vaazhvathu
வாழ்வர்,vaazhvar,3,vaazhvar
வாழ்விலிருந்து,vaazhvilirunthu,2,vaazhvilirunthu
வாழ்வு,vaazhvu,3,vaazhvu
வாழ்வும்,vaazhvum,3,vaazhvum
வாஸ்து,vaasthu,3,vaasthu
விகாரைகள்,vikaaraigal,2,vikaaraigal
விக்கிரமன்,vikiraman,1,vikkiraman
விசாரித்த,visaariththa,3,visaariththa
விசேஷமான,visaeshamaana,3,vishaseemaana
விசை,visai,3,visai
விசைகளை,visaigalai,2,visaigalai
விசையின்,visaiyin,3,visaiyin
விசையுடன்,visaiyudan,3,visaiyudan
விஞ்சி,vinjchi,2,vinji
விஞ்சிய,vinjchiya,2,vinchiya
விடயங்களை,vidayangkalai,2,vidaingalai
விடயத்தை,vidayaththai,3,vidaithathai
விடயமாக,vidayamaaka,2,vidayamaaga
விடயம்,vidayam,3,vidayam
விட்டால்,vittaal,3,vittal
விட்டேன்,vittaen,3,vittan
விதிக்க,vithikka,4,vithikka
விதிக்கவில்லை,vithikkavillai,3,vithikkavillai
வித்தியா,viththiyaa,3,vithiya
வித்தியாசத்தில்,viththiyaasaththil,3,viththaayazhththil
வித்தியாசத்தை,viththiyaasaththai,3,viththaisaaththai
வித்தியாசப்,viththiyaasap,3,viththiyaasap
வித்தியாசமாக,viththiyaasamaaga,2,viththiyaasamaaka
வித்தியாசம்,viththiyaasam,3,viththiyaasam
வினீத்,vineeth,3,vineeth
விபத்தின்,vibaththin,3,vipaththin
விபத்தில்,vibaththil,3,vipaththil
விமர்சித்தார்,vimarsiththaar,3,vimarsiththaar
விமர்சித்துள்ளார்,vimarsiththullaar,3,vimarsiththullaar
விமானங்களின்,vimaananggalin,2,vimaanangkalin
விமானங்களும்,vimaananggalum,2,vimaanangkalum
விமானங்கள்,vimaananggal,2,vimaanangkal
வியந்த,viyantha,3,viyantha
வியந்து,viyanthu,3,viyanthu
வியாபாரிகளின்,viyaapaarigalin,2,viyaapaarikalin
விரத,viratha,3,viratha
விரதங்கள்,virathangal,2,virathangal
விரதம்,viratham,2,viratham
விரிவாக,virivaaga,3,virivaaga
விரிவாகத்,virivaagath,3,virivaagath
விரிவுரைகள்,virivuraigal,3,virivuraikal
விரும்பாத,virumbaatha,3,virumbaatha
விரும்பாது,virumbaathu,3,virumbaathu
விற்பது,virpathu,3,virpathu
விற்றது,vitrtrathu,1,vittrathu
விற்றல்,vittral,2,vittral
விற்றார்,vittraar,2,vittraar
வில்லியம்,william,5,villiyam
வில்லியம்ஸ்,williams,4,villiyam
வில்லைகள்,villaigal,2,villaikal
வில்லையும்,villaiyum,3,villaiyum
விளாடிமிர்,vladimir,3,vilaatimir
விளிம்புகள்,vilimbugal,2,vilimpukal
விளையாட,vilaiyaada,3,vilaiyaada
விளையாடப்படும்,vilaiyaadappadum,3,vilaiyaadappadum
விளையாடவில்லை,vilaiyaadavillai,3,vilaivaattilail
விளையாடுதல்,vilaiyaaduthal,2,vilaiyaaduthal
விளையாட்டாகவும்,vilaiyaattaagavum,2,vilaiyaattaagavum
விழுப்புரம்,vizhuppuram,2,vizhuppuram
விவரித்தார்,vivariththaar,3,vivariththaar
விவரித்துள்ளார்,vivariththullaar,3,vivariththullaar
விஷாகா,vishaakaa,3,vishagaa
வீசப்பட்ட,veesappatta,3,veesappatta
வீசித்,veesith,2,veesith
வீசின,veesina,2,veesina
வீசுதல்,veesuthal,3,veesuthal
வீசுவதற்கு,veesuvatharku,3,veesuvatharku
வீட்டிற்குச்,veettirkuch,2,veettirkuch
வீட்டிலே,veettilae,3,veettilae
வீரராக,veeraraaga,3,veeraraaga
வீற்றிருக்கும்,veetrirukkum,1,veetrtrirukkum
வீல்,wheel,3,veel
வீழ்ச்சிக்கும்,veezhchchikkum,2,veezhchchikkum
வீழ்ச்சியின்,veezhchchiyin,3,veezhchchiyin
வீழ்ச்சியிலிருந்து,veezhchchiyilirunthu,2,veezhchiyilirunthu
வீழ்ச்சியும்,veelchchiyum,2,veezhchiyum
வீழ்ந்தது,veezhnthathu,2,veelnthathu
வெடிக்கச்,vedikkach,3,vedikkach
வெப்பத்தின்,veppaththin,3,veppaththin
வெப்பத்தைத்,veppaththaith,3,veppaththaith
வெப்பத்தையும்,veppaththaiyum,3,veppaththaiyum
வெப்பப்,veppap,3,veppa
வெப்பமாக,veppamaaga,3,veppamaaga
வெறுத்த,veruththa,3,veruththa
வெறுத்தார்,veruththaar,3,veruththaar
வெறுமை,verumai,3,verumai
வெறுமையாக,verumaiyaaga,3,verumaiyaaga
வெற்றிகரமாக,vetrtrigaramaaga,2,vetrtrikaraagama
வெற்றிட,vetrida,1,vetrtrita
வெற்றிடத்தில்,vetridaththil,1,vetrtritaththil
வெற்றிடத்தை,vetrtridaththai,2,vetrtrittathai
வெற்றிடம்,vetrtridam,2,vetrtridam
வெல்ஷ்,velsh,3,vels
வெளிப்,velip,3,velip
வெளிப்படையானது,velippadaiyaanathu,2,velippadaiyaanathu
வெளிப்புறம்,velippuram,3,velippuram
வெளியிடப்பட்டன,veliyidappattana,3,veliyidappattana
வேகம்,vaegam,2,vaegam
வேதக்,vaethak,2,vaethak
வேதங்களில்,vaethangkalil,2,vaethangkalil
வேதத்தின்,vaethaththin,2,vaethaththin
வேதத்தில்,vaedhaththil,2,vaethaththil
வேதத்தை,vaedhaththai,2,vaethaththai
வேதாளம்,vaedhaalam,1,vaethaalam
வேதி,vaedhi,1,vaethi
வேதிப்பொருட்கள்,vaethipporutkal,2,vaethippoordukal
வேதியர்,vaethiyar,2,vaethiyar
வேனே,vaenae,3,vaenae
வேய்,vay,2,vaii
வேருடன்,vaerudan,3,vaerudan
வேர்ல்டு,world,3,vaerldu
வேறாக,vaeraaga,2,vaeraaga
வேறொரு,vaeroru,3,vaeroru
வேறொருவன்,vaeroruvan,3,vaeruvarun
வேறொருவர்,vaeroruvar,3,vaeruvarur
வேலுநாச்சியார்,vaelunaachchiyaar,3,vaelunaachchiyaar
வேலை,vaelai,3,vaelai
வேலைகளின்,vaelaigalin,2,vaelaigalin
வேலைகளும்,vaelaigalum,2,vaelaigalum
வேலைகளை,vaelaigalai,2,vaelaigalai
வேலைக்,vaelaik,3,vaelaik
வேலைக்கான,vaelaikkaana,3,vaelaikkaana
வேலைக்குப்,vaelaikkup,3,vaelaikkup
வேலைக்கும்,vaelaikkum,3,vaelaikkum
வேலைச்,vaelaich,3,vaelaich
வேலைப்,paarppavar,3,vaelaip
வேலையாக,vaelaiyaaga,2,vaelaiyaaga
வேலையின்,vaelaiyin,2,vaelaiyin
வேலையில்,vaelaiyil,2,vaelaiyil
வேலையையும்,vaelaiyaiyum,2,vaelaiyaiyum
வை,vai,3,vai
வைகுண்டரின்,vaikundarin,3,vaigundarin
வைகுண்டர்,vaikundar,3,vaigundar
வைத்தியநாத,vaiththiyanaatha,3,vaiththiyanathaa
வைத்தியநாதன்,vaiththiyanaathan,3,vaiththiyanathaan
வைபவம்,vaibavam,2,vaibavam
வோல்கா,volga,1,volkaa
ஷாம்,shaam,3,saam
ஷாவை,shaavai,2,saavai
ஸ்காட்ச்,skotch,3,scatch
ஸ்காட்லாந்தின்,scotlandin,2,scatlandin
ஸ்தாபக,sthaabaga,2,sthaapaga
ஸ்ரீநிவாசன்,shreenivaachan,1,srinivaasan
ஸ்ரீரங்கத்தில்,shreerangkaththil,1,srirangaththil
ஹங்கேரியன்,hangaran,1,hangerian
ஹங்கேரியில்,hanggaeriyil,1,hangariyil
ஹரிஜன்,harijan,3,harijan
ஹாரி,pattar,3,haari
ஹாரிஸ்,haaris,3,haris
ஹெல்,hael,1,hel
ஹைட்ரோ,hydro,3,haitoor
ஹைதர்,hyder,3,haithar
